source,target,bipartite,centrality,node
u3568,p647,users,0.000595,u3568
u1919,p178,users,0.001784,u1919
u1919,p4301,users,0.001784,u1919
u1919,p286,users,0.001784,u1919
p25235,u2480,projects,0.000595,p25235
u784,p558,users,0.001189,u784
u784,p29,users,0.001189,u784
u880,p236,users,0.000595,u880
u23363,p17,users,0.000595,u23363
u9659,p116,users,0.000595,u9659
u29113,p357,users,0.000595,u29113
u51,p1123,users,0.000595,u51
u21997,p17,users,0.000595,u21997
u5110,p3604,users,0.000595,u5110
u4090,p11462,users,0.003567,u4090
u4090,p17,users,0.003567,u4090
u4090,p8360,users,0.003567,u4090
u4090,p3784,users,0.003567,u4090
u4090,p4756,users,0.003567,u4090
u4090,p3654,users,0.003567,u4090
u696,p1092,users,0.000595,u696
u4881,p3395,users,0.001189,u4881
u4881,p65,users,0.001189,u4881
u12942,p604,users,0.000595,u12942
u5017,p3542,users,0.001784,u5017
u5017,p17,users,0.001784,u5017
u5017,p1148,users,0.001784,u5017
u13704,p645,users,0.000595,u13704
u5108,p65,users,0.000595,u5108
u12934,p645,users,0.000595,u12934
u1119,p131,users,0.000595,u1119
u9538,p607,users,0.000595,u9538
p61,u8318,projects,0.020809,p61
p61,u301,projects,0.020809,p61
p61,u1411,projects,0.020809,p61
p61,u407,projects,0.020809,p61
p61,u9969,projects,0.020809,p61
p61,u2038,projects,0.020809,p61
p61,u489,projects,0.020809,p61
p61,u3293,projects,0.020809,p61
p61,u4156,projects,0.020809,p61
p61,u4571,projects,0.020809,p61
p61,u2094,projects,0.020809,p61
p61,u7798,projects,0.020809,p61
p61,u1707,projects,0.020809,p61
p61,u13302,projects,0.020809,p61
p61,u12061,projects,0.020809,p61
p61,u1673,projects,0.020809,p61
p61,u572,projects,0.020809,p61
p61,u10085,projects,0.020809,p61
p61,u15281,projects,0.020809,p61
p61,u2509,projects,0.020809,p61
p61,u7709,projects,0.020809,p61
p61,u2721,projects,0.020809,p61
p61,u6982,projects,0.020809,p61
p61,u4323,projects,0.020809,p61
p61,u27492,projects,0.020809,p61
p61,u2906,projects,0.020809,p61
p61,u3123,projects,0.020809,p61
p61,u215,projects,0.020809,p61
p61,u6172,projects,0.020809,p61
p61,u5563,projects,0.020809,p61
p61,u2844,projects,0.020809,p61
p61,u5158,projects,0.020809,p61
p61,u9275,projects,0.020809,p61
p61,u3577,projects,0.020809,p61
p61,u16528,projects,0.020809,p61
u8206,p7091,users,0.000595,u8206
u10463,p223,users,0.000595,u10463
u18779,p17,users,0.000595,u18779
u1652,p2090,users,0.001189,u1652
u1652,p1478,users,0.001189,u1652
u6914,p1328,users,0.000595,u6914
u1982,p189,users,0.000595,u1982
u1053,p1478,users,0.001189,u1053
u1053,p1222,users,0.001189,u1053
u20134,p17,users,0.001189,u20134
u20134,p8,users,0.001189,u20134
u16626,p286,users,0.000595,u16626
u17982,p17,users,0.000595,u17982
p86327,u1575,projects,0.000595,p86327
p131,u12109,projects,0.011891,p131
p131,u1947,projects,0.011891,p131
p131,u8286,projects,0.011891,p131
p131,u6936,projects,0.011891,p131
p131,u844,projects,0.011891,p131
p131,u4014,projects,0.011891,p131
p131,u7388,projects,0.011891,p131
p131,u2823,projects,0.011891,p131
p131,u1393,projects,0.011891,p131
p131,u1787,projects,0.011891,p131
p131,u5941,projects,0.011891,p131
p131,u8718,projects,0.011891,p131
p131,u11660,projects,0.011891,p131
p131,u27327,projects,0.011891,p131
p131,u175,projects,0.011891,p131
p131,u1146,projects,0.011891,p131
p131,u765,projects,0.011891,p131
p131,u7515,projects,0.011891,p131
p131,u21244,projects,0.011891,p131
u31584,p299,users,0.000595,u31584
u17980,p1478,users,0.000595,u17980
u2587,p3251,users,0.000595,u2587
u200,p17,users,0.000595,u200
u728,p15,users,0.000595,u728
p2634,u1455,projects,0.002973,p2634
p2634,u5312,projects,0.002973,p2634
p2634,u2137,projects,0.002973,p2634
p2634,u9900,projects,0.002973,p2634
p2634,u3942,projects,0.002973,p2634
u5633,p178,users,0.000595,u5633
u19722,p4208,users,0.000595,u19722
u1390,p1658,users,0.000595,u1390
u5777,p1183,users,0.000595,u5777
u1247,p15,users,0.000595,u1247
u46451,p291,users,0.000595,u46451
u15721,p645,users,0.000595,u15721
u47128,p357,users,0.000595,u47128
u7254,p29,users,0.000595,u7254
u6187,p114,users,0.000595,u6187
u360,p2585,users,0.000595,u360
u3970,p65,users,0.001189,u3970
u3970,p4208,users,0.001189,u3970
u24662,p8,users,0.000595,u24662
u1080,p17,users,0.004756,u1080
u1080,p3561,users,0.004756,u1080
u1080,p665,users,0.004756,u1080
u1080,p8357,users,0.004756,u1080
u1080,p4301,users,0.004756,u1080
u1080,p16038,users,0.004756,u1080
u1080,p12812,users,0.004756,u1080
u1080,p1584,users,0.004756,u1080
u1345,p9110,users,0.001189,u1345
u1345,p1092,users,0.001189,u1345
u1380,p15,users,0.000595,u1380
u13981,p299,users,0.000595,u13981
u387,p4208,users,0.000595,u387
u5709,p299,users,0.000595,u5709
u7807,p103,users,0.000595,u7807
u5068,p558,users,0.000595,u5068
u20595,p607,users,0.000595,u20595
u264,p298,users,0.001189,u264
u264,p2131,users,0.001189,u264
u83,p952,users,0.001189,u83
u83,p299,users,0.001189,u83
u10811,p17,users,0.000595,u10811
p178,u2476,projects,0.004756,p178
p178,u4629,projects,0.004756,p178
p178,u226,projects,0.004756,p178
p178,u6250,projects,0.004756,p178
p178,u48716,projects,0.004756,p178
p178,u1379,projects,0.004756,p178
u2908,p116,users,0.000595,u2908
u5576,p357,users,0.000595,u5576
u2764,p299,users,0.000595,u2764
u10540,p1736,users,0.000595,u10540
u5350,p645,users,0.000595,u5350
u2584,p645,users,0.000595,u2584
u16890,p357,users,0.000595,u16890
u2315,p607,users,0.000595,u2315
u7954,p101,users,0.000595,u7954
u10680,p985,users,0.000595,u10680
u31344,p357,users,0.000595,u31344
u15915,p103,users,0.000595,u15915
u10002,p65,users,0.000595,u10002
u6377,p1085,users,0.000595,u6377
p22862,u8854,projects,0.000595,p22862
u681,p97,users,0.000595,u681
u2075,p15,users,0.001189,u2075
u2075,p299,users,0.001189,u2075
u3007,p689,users,0.000595,u3007
u4395,p607,users,0.000595,u4395
u14401,p5046,users,0.000595,u14401
p952,u844,projects,0.003567,p952
p952,u4711,projects,0.003567,p952
p952,u3745,projects,0.003567,p952
p952,u23082,projects,0.003567,p952
p952,u22016,projects,0.003567,p952
u20357,p3784,users,0.000595,u20357
u21454,p4301,users,0.000595,u21454
u3071,p298,users,0.000595,u3071
u13360,p1085,users,0.000595,u13360
u29122,p29,users,0.000595,u29122
u2875,p1909,users,0.000595,u2875
u7052,p1546,users,0.000595,u7052
u9938,p725,users,0.000595,u9938
u7690,p291,users,0.000595,u7690
u1585,p562,users,0.000595,u1585
u3697,p725,users,0.002378,u3697
u3697,p284,users,0.002378,u3697
u3697,p558,users,0.002378,u3697
u3697,p8,users,0.002378,u3697
u9594,p4208,users,0.000595,u9594
u5242,p1009,users,0.000595,u5242
u4841,p604,users,0.000595,u4841
u5438,p985,users,0.000595,u5438
u31997,p97,users,0.000595,u31997
u1771,p2585,users,0.000595,u1771
p3266,u844,projects,0.001189,p3266
p3266,u646,projects,0.001189,p3266
u4455,p1736,users,0.000595,u4455
p116,u16988,projects,0.005945,p116
p116,u6999,projects,0.005945,p116
p116,u6498,projects,0.005945,p116
p116,u5614,projects,0.005945,p116
p116,u7475,projects,0.005945,p116
p116,u36081,projects,0.005945,p116
p116,u25054,projects,0.005945,p116
p116,u2169,projects,0.005945,p116
u10041,p689,users,0.000595,u10041
u691,p299,users,0.001189,u691
u691,p357,users,0.001189,u691
u16204,p645,users,0.000595,u16204
u367,p357,users,0.000595,u367
u21113,p6894,users,0.000595,u21113
u15750,p562,users,0.000595,u15750
u17919,p8815,users,0.000595,u17919
u11161,p2562,users,0.000595,u11161
u6101,p299,users,0.000595,u6101
u2741,p97,users,0.000595,u2741
u18743,p2562,users,0.000595,u18743
u301,p2646,users,0.001189,u301
u3397,p2545,users,0.000595,u3397
u2037,p1009,users,0.000595,u2037
u625,p114,users,0.000595,u625
u9686,p1085,users,0.001189,u9686
u9686,p286,users,0.001189,u9686
u10266,p299,users,0.000595,u10266
u29821,p1340,users,0.000595,u29821
p1854,u3139,projects,0.001784,p1854
p1854,u7908,projects,0.001784,p1854
p1854,u14467,projects,0.001784,p1854
u7355,p189,users,0.000595,u7355
u7492,p8036,users,0.001784,u7492
u7492,p15,users,0.001784,u7492
u7492,p3784,users,0.001784,u7492
u23965,p1328,users,0.000595,u23965
p236,u2757,projects,0.012485,p236
p236,u2317,projects,0.012485,p236
p236,u198,projects,0.012485,p236
p236,u13567,projects,0.012485,p236
p236,u10755,projects,0.012485,p236
p236,u17474,projects,0.012485,p236
p236,u9425,projects,0.012485,p236
p236,u3540,projects,0.012485,p236
p236,u1998,projects,0.012485,p236
p236,u5534,projects,0.012485,p236
p236,u9765,projects,0.012485,p236
p236,u1278,projects,0.012485,p236
p236,u5970,projects,0.012485,p236
p236,u14055,projects,0.012485,p236
p236,u744,projects,0.012485,p236
p236,u2008,projects,0.012485,p236
p236,u3574,projects,0.012485,p236
p236,u258,projects,0.012485,p236
p236,u82,projects,0.012485,p236
p236,u11236,projects,0.012485,p236
u10512,p2090,users,0.000595,u10512
u7963,p299,users,0.000595,u7963
u4834,p162,users,0.000595,u4834
u45126,p1229,users,0.000595,u45126
u836,p1170,users,0.000595,u836
u26847,p10548,users,0.000595,u26847
u5269,p299,users,0.001189,u5269
u5269,p1328,users,0.001189,u5269
u6268,p689,users,0.000595,u6268
u4613,p2045,users,0.000595,u4613
u2278,p2593,users,0.000595,u2278
u863,p13085,users,0.000595,u863
u13630,p17,users,0.000595,u13630
u25002,p233,users,0.000595,u25002
p1909,u8988,projects,0.006540,p1909
p1909,u1879,projects,0.006540,p1909
p1909,u14739,projects,0.006540,p1909
p1909,u17415,projects,0.006540,p1909
p1909,u3889,projects,0.006540,p1909
p1909,u3589,projects,0.006540,p1909
p1909,u9228,projects,0.006540,p1909
p1909,u3243,projects,0.006540,p1909
p1909,u1632,projects,0.006540,p1909
p1909,u702,projects,0.006540,p1909
u23852,p1085,users,0.000595,u23852
u8674,p2131,users,0.000595,u8674
u40999,p1328,users,0.000595,u40999
u9203,p1085,users,0.000595,u9203
u7380,p2646,users,0.000595,u7380
u5721,p1009,users,0.000595,u5721
p1035,u14084,projects,0.004756,p1035
p1035,u8417,projects,0.004756,p1035
p1035,u1415,projects,0.004756,p1035
p1035,u3946,projects,0.004756,p1035
p1035,u935,projects,0.004756,p1035
p1035,u17708,projects,0.004756,p1035
p1035,u11816,projects,0.004756,p1035
p1035,u2547,projects,0.004756,p1035
u21202,p17,users,0.000595,u21202
u1731,p65,users,0.000595,u1731
u1126,p26828,users,0.001189,u1126
u1126,p2888,users,0.001189,u1126
u29151,p896,users,0.000595,u29151
u8006,p17,users,0.003567,u8006
u8006,p53157,users,0.003567,u8006
u8006,p22140,users,0.003567,u8006
u8006,p1079,users,0.003567,u8006
u8006,p558,users,0.003567,u8006
u8006,p2734,users,0.003567,u8006
u21279,p645,users,0.000595,u21279
u1472,p911,users,0.001189,u1472
u1472,p607,users,0.001189,u1472
u18089,p896,users,0.000595,u18089
u2394,p101,users,0.001189,u2394
u2394,p1514,users,0.001189,u2394
u4228,p1857,users,0.000595,u4228
u18837,p689,users,0.000595,u18837
p13085,u15647,projects,0.001189,p13085
u25417,p725,users,0.000595,u25417
u5771,p604,users,0.000595,u5771
u7049,p1092,users,0.000595,u7049
u7223,p299,users,0.000595,u7223
u6,p645,users,0.000595,u6
u17388,p17,users,0.000595,u17388
u35071,p2804,users,0.000595,u35071
u40886,p17,users,0.000595,u40886
u11868,p17,users,0.000595,u11868
u21480,p8,users,0.000595,u21480
u16788,p17,users,0.000595,u16788
u1631,p15,users,0.001784,u1631
u1631,p350,users,0.001784,u1631
u1631,p6894,users,0.001784,u1631
u3726,p1183,users,0.000595,u3726
u1779,p1229,users,0.001189,u1779
u1779,p286,users,0.001189,u1779
u1411,p101,users,0.001784,u1411
u1411,p17,users,0.001784,u1411
u446,p5436,users,0.001189,u446
u446,p1514,users,0.001189,u446
u703,p15,users,0.000595,u703
u18008,p3542,users,0.000595,u18008
u8717,p845,users,0.000595,u8717
u29626,p645,users,0.000595,u29626
u7348,p1179,users,0.000595,u7348
u12881,p189,users,0.000595,u12881
u6644,p286,users,0.000595,u6644
u7743,p299,users,0.000595,u7743
u9088,p1328,users,0.000595,u9088
u537,p1514,users,0.001189,u537
u537,p1584,users,0.001189,u537
u1455,p65,users,0.001189,u1455
u3578,p97,users,0.001189,u3578
u3578,p233,users,0.001189,u3578
p701,u11011,projects,0.005945,p701
p701,u3293,projects,0.005945,p701
p701,u11956,projects,0.005945,p701
p701,u10373,projects,0.005945,p701
p701,u922,projects,0.005945,p701
p701,u12296,projects,0.005945,p701
p701,u4270,projects,0.005945,p701
p701,u719,projects,0.005945,p701
p701,u4208,projects,0.005945,p701
p701,u2189,projects,0.005945,p701
u4618,p2131,users,0.000595,u4618
u2294,p1183,users,0.000595,u2294
u3565,p1222,users,0.000595,u3565
u24461,p2131,users,0.001189,u24461
u24461,p29,users,0.001189,u24461
u4239,p350,users,0.000595,u4239
u1442,p138,users,0.000595,u1442
p2873,u505,projects,0.000595,p2873
p2282,u7436,projects,0.004162,p2282
p2282,u14934,projects,0.004162,p2282
p2282,u33470,projects,0.004162,p2282
p2282,u198,projects,0.004162,p2282
p2282,u4458,projects,0.004162,p2282
p2282,u5657,projects,0.004162,p2282
p2282,u3153,projects,0.004162,p2282
u5749,p607,users,0.000595,u5749
u8167,p233,users,0.000595,u8167
u9345,p101,users,0.000595,u9345
u1029,p1085,users,0.000595,u1029
u37183,p17,users,0.000595,u37183
u1992,p562,users,0.000595,u1992
u14636,p645,users,0.000595,u14636
p562,u9162,projects,0.011296,p562
p562,u16539,projects,0.011296,p562
p562,u11026,projects,0.011296,p562
p562,u832,projects,0.011296,p562
p562,u8110,projects,0.011296,p562
p562,u10758,projects,0.011296,p562
p562,u10219,projects,0.011296,p562
p562,u10544,projects,0.011296,p562
p562,u322,projects,0.011296,p562
p562,u11279,projects,0.011296,p562
p562,u50665,projects,0.011296,p562
p562,u343,projects,0.011296,p562
p562,u5290,projects,0.011296,p562
p562,u14435,projects,0.011296,p562
p562,u765,projects,0.011296,p562
p562,u14304,projects,0.011296,p562
u17311,p189,users,0.000595,u17311
u27463,p17,users,0.000595,u27463
p20804,u844,projects,0.000595,p20804
u15053,p647,users,0.000595,u15053
u11315,p31733,users,0.000595,u11315
u39174,p17,users,0.000595,u39174
u1123,p299,users,0.000595,u1123
u3439,p725,users,0.000595,u3439
u10769,p1085,users,0.000595,u10769
u16827,p17,users,0.000595,u16827
u18147,p725,users,0.000595,u18147
u4674,p15,users,0.000595,u4674
u14155,p286,users,0.000595,u14155
u20323,p17,users,0.000595,u20323
u1584,p8,users,0.000595,u1584
u5716,p101,users,0.000595,u5716
u48483,p17,users,0.000595,u48483
u8884,p3604,users,0.000595,u8884
p39860,u7442,projects,0.001189,p39860
p39860,u702,projects,0.001189,p39860
u3252,p985,users,0.000595,u3252
u13404,p2545,users,0.001189,u13404
u13404,p17,users,0.001189,u13404
u1336,p604,users,0.000595,u1336
u18734,p2551,users,0.000595,u18734
u11145,p4301,users,0.000595,u11145
u5248,p162,users,0.000595,u5248
p15212,u844,projects,0.000595,p15212
u5742,p15,users,0.001189,u5742
u5742,p17,users,0.001189,u5742
u235,p1050,users,0.000595,u235
u8480,p97,users,0.000595,u8480
u9237,p17,users,0.001189,u9237
u9237,p1092,users,0.001189,u9237
u2230,p558,users,0.000595,u2230
u2253,p1009,users,0.001189,u2253
u2253,p515,users,0.001189,u2253
p103,u781,projects,0.008918,p103
p103,u1573,projects,0.008918,p103
p103,u289,projects,0.008918,p103
p103,u1539,projects,0.008918,p103
p103,u7635,projects,0.008918,p103
p103,u2221,projects,0.008918,p103
p103,u238,projects,0.008918,p103
p103,u9144,projects,0.008918,p103
p103,u2796,projects,0.008918,p103
p103,u12834,projects,0.008918,p103
p103,u1208,projects,0.008918,p103
p103,u1726,projects,0.008918,p103
p103,u4053,projects,0.008918,p103
u16840,p101,users,0.000595,u16840
u16491,p299,users,0.000595,u16491
u829,p647,users,0.000595,u829
u8988,p114,users,0.001189,u8988
u1978,p645,users,0.000595,u1978
u2450,p2646,users,0.000595,u2450
u312,p558,users,0.000595,u312
u17966,p1857,users,0.000595,u17966
u89,p16999,users,0.002378,u89
u89,p162,users,0.002378,u89
u89,p1179,users,0.002378,u89
u89,p29,users,0.002378,u89
u5424,p3604,users,0.000595,u5424
u19679,p162,users,0.000595,u19679
u8588,p1123,users,0.000595,u8588
u627,p5046,users,0.003567,u627
u627,p2562,users,0.003567,u627
u627,p162,users,0.003567,u627
u627,p2150,users,0.003567,u627
u627,p10866,users,0.003567,u627
u627,p233,users,0.003567,u627
u930,p607,users,0.000595,u930
u407,p15,users,0.001784,u407
u407,p1179,users,0.001784,u407
u1436,p1179,users,0.000595,u1436
u24086,p17,users,0.000595,u24086
u4939,p17,users,0.001189,u4939
u4939,p607,users,0.001189,u4939
p8036,u505,projects,0.003567,p8036
p8036,u4912,projects,0.003567,p8036
p8036,u2652,projects,0.003567,p8036
p8036,u351,projects,0.003567,p8036
p8036,u9599,projects,0.003567,p8036
p15,u12699,projects,0.020214,p15
p15,u4390,projects,0.020214,p15
p15,u3293,projects,0.020214,p15
p15,u3267,projects,0.020214,p15
p15,u10104,projects,0.020214,p15
p15,u1788,projects,0.020214,p15
p15,u11888,projects,0.020214,p15
p15,u376,projects,0.020214,p15
p15,u4980,projects,0.020214,p15
p15,u5449,projects,0.020214,p15
p15,u322,projects,0.020214,p15
p15,u15133,projects,0.020214,p15
p15,u3243,projects,0.020214,p15
p15,u3588,projects,0.020214,p15
p15,u7709,projects,0.020214,p15
p15,u744,projects,0.020214,p15
p15,u4019,projects,0.020214,p15
p15,u569,projects,0.020214,p15
p15,u2730,projects,0.020214,p15
p15,u1049,projects,0.020214,p15
p15,u4833,projects,0.020214,p15
p15,u5511,projects,0.020214,p15
p15,u1111,projects,0.020214,p15
p15,u18411,projects,0.020214,p15
u108,p65,users,0.000595,u108
u69,p1183,users,0.001189,u69
u69,p2237,users,0.001189,u69
u6999,p17,users,0.001189,u6999
u23167,p8,users,0.000595,u23167
u1961,p604,users,0.000595,u1961
u19614,p607,users,0.000595,u19614
u2707,p17,users,0.001784,u2707
u2707,p25995,users,0.001784,u2707
u2707,p8,users,0.001784,u2707
p101,u5379,projects,0.019620,p101
p101,u1588,projects,0.019620,p101
p101,u3913,projects,0.019620,p101
p101,u5928,projects,0.019620,p101
p101,u8314,projects,0.019620,p101
p101,u1203,projects,0.019620,p101
p101,u4047,projects,0.019620,p101
p101,u2152,projects,0.019620,p101
p101,u3166,projects,0.019620,p101
p101,u4629,projects,0.019620,p101
p101,u1440,projects,0.019620,p101
p101,u6815,projects,0.019620,p101
p101,u12013,projects,0.019620,p101
p101,u1449,projects,0.019620,p101
p101,u1979,projects,0.019620,p101
p101,u21378,projects,0.019620,p101
p101,u23970,projects,0.019620,p101
p101,u1212,projects,0.019620,p101
p101,u1898,projects,0.019620,p101
p101,u12284,projects,0.019620,p101
p101,u846,projects,0.019620,p101
p101,u8577,projects,0.019620,p101
p101,u19020,projects,0.019620,p101
p101,u1859,projects,0.019620,p101
p101,u1357,projects,0.019620,p101
p101,u1153,projects,0.019620,p101
p101,u31652,projects,0.019620,p101
u3773,p1179,users,0.000595,u3773
u3002,p2734,users,0.000595,u3002
u1692,p350,users,0.000595,u1692
u8417,p189,users,0.001189,u8417
u2153,p1478,users,0.000595,u2153
u4817,p1229,users,0.000595,u4817
u4515,p4208,users,0.000595,u4515
u7493,p65,users,0.000595,u7493
u1322,p97,users,0.000595,u1322
u2284,p3654,users,0.000595,u2284
u44023,p233,users,0.000595,u44023
u10016,p350,users,0.000595,u10016
u19769,p299,users,0.000595,u19769
u7911,p607,users,0.001189,u7911
u7911,p647,users,0.001189,u7911
u16819,p17,users,0.000595,u16819
u4131,p17,users,0.000595,u4131
p725,u19564,projects,0.020214,p725
p725,u20586,projects,0.020214,p725
p725,u17601,projects,0.020214,p725
p725,u844,projects,0.020214,p725
p725,u10819,projects,0.020214,p725
p725,u406,projects,0.020214,p725
p725,u10824,projects,0.020214,p725
p725,u9908,projects,0.020214,p725
p725,u15580,projects,0.020214,p725
p725,u24587,projects,0.020214,p725
p725,u5366,projects,0.020214,p725
p725,u21102,projects,0.020214,p725
p725,u6684,projects,0.020214,p725
p725,u2870,projects,0.020214,p725
p725,u4706,projects,0.020214,p725
p725,u12790,projects,0.020214,p725
p725,u8093,projects,0.020214,p725
p725,u1975,projects,0.020214,p725
p725,u3453,projects,0.020214,p725
p725,u3939,projects,0.020214,p725
p725,u9298,projects,0.020214,p725
p725,u10349,projects,0.020214,p725
p725,u544,projects,0.020214,p725
p725,u11896,projects,0.020214,p725
p725,u13574,projects,0.020214,p725
p725,u5458,projects,0.020214,p725
p725,u16562,projects,0.020214,p725
p725,u25383,projects,0.020214,p725
p725,u14181,projects,0.020214,p725
u3520,p645,users,0.000595,u3520
u1772,p17,users,0.000595,u1772
u1758,p878,users,0.000595,u1758
u347,p1179,users,0.001189,u347
u347,p3678,users,0.001189,u347
u18279,p6503,users,0.000595,u18279
u1538,p1514,users,0.000595,u1538
u6158,p299,users,0.000595,u6158
u2665,p8357,users,0.000595,u2665
u3426,p357,users,0.001189,u3426
u3426,p7091,users,0.001189,u3426
u4957,p6816,users,0.000595,u4957
p5368,u505,projects,0.001189,p5368
p5368,u4675,projects,0.001189,p5368
u1189,p8,users,0.000595,u1189
u6650,p665,users,0.000595,u6650
p7171,u608,projects,0.001189,p7171
p7171,u21,projects,0.001189,p7171
u6607,p299,users,0.000595,u6607
u9240,p223,users,0.000595,u9240
u4068,p607,users,0.000595,u4068
u11712,p2090,users,0.000595,u11712
u13182,p189,users,0.000595,u13182
u20586,p1085,users,0.001189,u20586
u204,p299,users,0.000595,u204
u7398,p350,users,0.001189,u7398
u7398,p223,users,0.001189,u7398
p93877,u1149,projects,0.000595,p93877
u8987,p1085,users,0.000595,u8987
u8683,p65,users,0.000595,u8683
u9273,p1179,users,0.000595,u9273
u31592,p2562,users,0.000595,u31592
u15139,p607,users,0.000595,u15139
u25639,p607,users,0.000595,u25639
p11556,u1406,projects,0.001189,p11556
p11556,u5845,projects,0.001189,p11556
u13898,p645,users,0.000595,u13898
p3542,u1012,projects,0.005351,p3542
p3542,u23221,projects,0.005351,p3542
p3542,u5918,projects,0.005351,p3542
p3542,u7229,projects,0.005351,p3542
p3542,u6977,projects,0.005351,p3542
p3542,u15692,projects,0.005351,p3542
p3542,u10884,projects,0.005351,p3542
u775,p29,users,0.000595,u775
u1672,p223,users,0.001784,u1672
u1672,p1123,users,0.001784,u1672
u1672,p29,users,0.001784,u1672
u12416,p17,users,0.000595,u12416
u46923,p357,users,0.000595,u46923
u206,p233,users,0.000595,u206
u7571,p2646,users,0.000595,u7571
u3511,p17,users,0.002378,u3511
u3511,p2514,users,0.002378,u3511
u3511,p138,users,0.002378,u3511
u3511,p4208,users,0.002378,u3511
p31733,u2137,projects,0.001189,p31733
u9903,p162,users,0.000595,u9903
u4203,p16038,users,0.000595,u4203
u14907,p1092,users,0.000595,u14907
u1588,p607,users,0.001189,u1588
u7347,p2237,users,0.001189,u7347
u7347,p29,users,0.001189,u7347
u24983,p17,users,0.000595,u24983
u1501,p8357,users,0.000595,u1501
u8948,p8,users,0.000595,u8948
u22121,p645,users,0.000595,u22121
u2760,p138,users,0.000595,u2760
u695,p558,users,0.000595,u695
u2810,p607,users,0.000595,u2810
u28,p558,users,0.000595,u28
u1121,p1092,users,0.000595,u1121
u1364,p2090,users,0.000595,u1364
u2040,p1009,users,0.001189,u2040
u2040,p29,users,0.001189,u2040
u11116,p298,users,0.000595,u11116
u34685,p2804,users,0.000595,u34685
u2204,p291,users,0.001189,u2204
u2204,p114,users,0.001189,u2204
u489,p2734,users,0.001189,u489
u20430,p607,users,0.000595,u20430
p911,u844,projects,0.003567,p911
p911,u1552,projects,0.003567,p911
p911,u2222,projects,0.003567,p911
p911,u7677,projects,0.003567,p911
p911,u2863,projects,0.003567,p911
u3293,p17,users,0.005351,u3293
u3293,p1170,users,0.005351,u3293
u3293,p13168,users,0.005351,u3293
u3293,p31653,users,0.005351,u3293
u3293,p23219,users,0.005351,u3293
u3293,p7760,users,0.005351,u3293
u5134,p743,users,0.000595,u5134
u635,p3251,users,0.000595,u635
u12805,p2090,users,0.000595,u12805
u13515,p291,users,0.000595,u13515
u245,p1514,users,0.000595,u245
u2223,p223,users,0.000595,u2223
u8529,p645,users,0.001784,u8529
u8529,p350,users,0.001784,u8529
u8529,p357,users,0.001784,u8529
u8704,p17,users,0.001189,u8704
u8704,p39012,users,0.001189,u8704
u3267,p645,users,0.001189,u3267
u5571,p2965,users,0.000595,u5571
u11159,p350,users,0.000595,u11159
p120001,u5078,projects,0.000595,p120001
p19660,u3731,projects,0.000595,p19660
u11212,p645,users,0.000595,u11212
p3315,u844,projects,0.001189,p3315
p3315,u2406,projects,0.001189,p3315
u4448,p17,users,0.001189,u4448
u4448,p2280,users,0.001189,u4448
u289,p350,users,0.001189,u289
u17532,p1229,users,0.000595,u17532
p2545,u39152,projects,0.003567,p2545
p2545,u892,projects,0.003567,p2545
p2545,u198,projects,0.003567,p2545
p2545,u20520,projects,0.003567,p2545
u12532,p1170,users,0.000595,u12532
p645,u5959,projects,0.044590,p645
p645,u308,projects,0.044590,p645
p645,u4154,projects,0.044590,p645
p645,u4918,projects,0.044590,p645
p645,u24967,projects,0.044590,p645
p645,u13305,projects,0.044590,p645
p645,u5286,projects,0.044590,p645
p645,u18362,projects,0.044590,p645
p645,u958,projects,0.044590,p645
p645,u22271,projects,0.044590,p645
p645,u21495,projects,0.044590,p645
p645,u7798,projects,0.044590,p645
p645,u2275,projects,0.044590,p645
p645,u6870,projects,0.044590,p645
p645,u16097,projects,0.044590,p645
p645,u872,projects,0.044590,p645
p645,u7634,projects,0.044590,p645
p645,u7405,projects,0.044590,p645
p645,u2616,projects,0.044590,p645
p645,u3280,projects,0.044590,p645
p645,u1069,projects,0.044590,p645
p645,u746,projects,0.044590,p645
p645,u724,projects,0.044590,p645
p645,u30076,projects,0.044590,p645
p645,u3306,projects,0.044590,p645
p645,u975,projects,0.044590,p645
p645,u1483,projects,0.044590,p645
p645,u4439,projects,0.044590,p645
p645,u393,projects,0.044590,p645
p645,u19254,projects,0.044590,p645
p645,u3332,projects,0.044590,p645
p645,u3107,projects,0.044590,p645
p645,u8769,projects,0.044590,p645
p645,u8387,projects,0.044590,p645
p645,u1975,projects,0.044590,p645
p645,u226,projects,0.044590,p645
p645,u6350,projects,0.044590,p645
p645,u7483,projects,0.044590,p645
p645,u9343,projects,0.044590,p645
p645,u48,projects,0.044590,p645
p645,u8187,projects,0.044590,p645
p645,u569,projects,0.044590,p645
p645,u20050,projects,0.044590,p645
p645,u159,projects,0.044590,p645
p645,u666,projects,0.044590,p645
p645,u1407,projects,0.044590,p645
p645,u84,projects,0.044590,p645
p645,u2320,projects,0.044590,p645
p645,u19369,projects,0.044590,p645
p645,u2212,projects,0.044590,p645
p645,u608,projects,0.044590,p645
p645,u3248,projects,0.044590,p645
p645,u14465,projects,0.044590,p645
p645,u8520,projects,0.044590,p645
p645,u30986,projects,0.044590,p645
p645,u10214,projects,0.044590,p645
p645,u20163,projects,0.044590,p645
p645,u23683,projects,0.044590,p645
u15041,p1183,users,0.000595,u15041
u654,p350,users,0.000595,u654
u3360,p2090,users,0.001189,u3360
u3360,p286,users,0.001189,u3360
u15924,p607,users,0.000595,u15924
u2562,p65,users,0.000595,u2562
p4164,u2527,projects,0.001189,p4164
p4164,u9075,projects,0.001189,p4164
p8815,u1839,projects,0.004162,p8815
p8815,u8420,projects,0.004162,p8815
p8815,u572,projects,0.004162,p8815
p8815,u3897,projects,0.004162,p8815
p8815,u26910,projects,0.004162,p8815
p8815,u3693,projects,0.004162,p8815
u2535,p350,users,0.000595,u2535
p16999,u198,projects,0.001189,p16999
u5524,p2646,users,0.000595,u5524
u363,p985,users,0.001784,u363
u363,p1229,users,0.001784,u363
u363,p3654,users,0.001784,u363
u16074,p223,users,0.000595,u16074
u5306,p607,users,0.001189,u5306
u5306,p162,users,0.001189,u5306
u4356,p286,users,0.000595,u4356
u505,p17,users,0.006540,u505
u505,p3251,users,0.006540,u505
u505,p1546,users,0.006540,u505
u505,p1183,users,0.006540,u505
u505,p5436,users,0.006540,u505
u505,p2150,users,0.006540,u505
u505,p26828,users,0.006540,u505
u505,p3678,users,0.006540,u505
u13858,p298,users,0.000595,u13858
u759,p65,users,0.000595,u759
u8816,p1222,users,0.000595,u8816
p14972,u1254,projects,0.000595,p14972
u19095,p2131,users,0.000595,u19095
u12395,p298,users,0.000595,u12395
u4197,p1514,users,0.000595,u4197
u11607,p298,users,0.000595,u11607
u3813,p65,users,0.000595,u3813
u147,p647,users,0.000595,u147
u10339,p1222,users,0.000595,u10339
u1950,p8,users,0.000595,u1950
u32630,p17,users,0.000595,u32630
p39625,u15510,projects,0.001189,p39625
p39625,u15647,projects,0.001189,p39625
u10484,p298,users,0.000595,u10484
p1085,u10032,projects,0.025565,p1085
p1085,u10104,projects,0.025565,p1085
p1085,u844,projects,0.025565,p1085
p1085,u9188,projects,0.025565,p1085
p1085,u1288,projects,0.025565,p1085
p1085,u32507,projects,0.025565,p1085
p1085,u5527,projects,0.025565,p1085
p1085,u950,projects,0.025565,p1085
p1085,u1676,projects,0.025565,p1085
p1085,u16309,projects,0.025565,p1085
p1085,u5250,projects,0.025565,p1085
p1085,u15006,projects,0.025565,p1085
p1085,u14212,projects,0.025565,p1085
p1085,u272,projects,0.025565,p1085
p1085,u17072,projects,0.025565,p1085
p1085,u3946,projects,0.025565,p1085
p1085,u4397,projects,0.025565,p1085
p1085,u6969,projects,0.025565,p1085
p1085,u11126,projects,0.025565,p1085
p1085,u9245,projects,0.025565,p1085
p1085,u3106,projects,0.025565,p1085
p1085,u19601,projects,0.025565,p1085
p1085,u1152,projects,0.025565,p1085
p1085,u2472,projects,0.025565,p1085
p1085,u4776,projects,0.025565,p1085
p1085,u16279,projects,0.025565,p1085
p1085,u1180,projects,0.025565,p1085
p1085,u8061,projects,0.025565,p1085
p1085,u17047,projects,0.025565,p1085
p1085,u3468,projects,0.025565,p1085
p1085,u233,projects,0.025565,p1085
p1085,u4960,projects,0.025565,p1085
p1085,u31841,projects,0.025565,p1085
p1085,u2831,projects,0.025565,p1085
u1151,p1009,users,0.000595,u1151
u308,p8,users,0.001189,u308
u12083,p223,users,0.000595,u12083
u1678,p8,users,0.000595,u1678
u2111,p189,users,0.000595,u2111
u12659,p743,users,0.000595,u12659
u832,p17,users,0.001784,u832
u832,p2585,users,0.001784,u832
u28097,p299,users,0.000595,u28097
u4154,p647,users,0.001189,u4154
u1808,p299,users,0.001189,u1808
u1808,p1170,users,0.001189,u1808
p6816,u844,projects,0.001784,p6816
p6816,u6560,projects,0.001784,p6816
u11141,p233,users,0.000595,u11141
u3448,p17,users,0.000595,u3448
u168,p4301,users,0.000595,u168
u823,p3604,users,0.000595,u823
u9935,p29,users,0.000595,u9935
u7087,p8,users,0.000595,u7087
u4918,p65,users,0.001189,u4918
u17601,p350,users,0.001189,u17601
u5451,p357,users,0.000595,u5451
u53396,p17,users,0.000595,u53396
u5614,p298,users,0.001189,u5614
u52,p65,users,0.000595,u52
u8570,p1328,users,0.000595,u8570
u844,p17,users,0.013080,u844
u844,p9110,users,0.013080,u844
u844,p2646,users,0.013080,u844
u844,p11518,users,0.013080,u844
u844,p2045,users,0.013080,u844
u844,p1328,users,0.013080,u844
u844,p19941,users,0.013080,u844
u844,p604,users,0.013080,u844
u844,p2965,users,0.013080,u844
u844,p1958,users,0.013080,u844
u844,p1336,users,0.013080,u844
u844,p2237,users,0.013080,u844
u21660,p8,users,0.000595,u21660
u302,p689,users,0.000595,u302
u842,p1009,users,0.000595,u842
p1340,u9122,projects,0.004756,p1340
p1340,u5718,projects,0.004756,p1340
p1340,u2141,projects,0.004756,p1340
p1340,u1937,projects,0.004756,p1340
p1340,u2056,projects,0.004756,p1340
p1340,u3720,projects,0.004756,p1340
p1340,u7204,projects,0.004756,p1340
u19870,p299,users,0.000595,u19870
u5125,p65,users,0.000595,u5125
p17,u43513,projects,0.094530,p17
p17,u51973,projects,0.094530,p17
p17,u183,projects,0.094530,p17
p17,u20251,projects,0.094530,p17
p17,u8314,projects,0.094530,p17
p17,u8057,projects,0.094530,p17
p17,u1262,projects,0.094530,p17
p17,u24619,projects,0.094530,p17
p17,u29124,projects,0.094530,p17
p17,u198,projects,0.094530,p17
p17,u5078,projects,0.094530,p17
p17,u34460,projects,0.094530,p17
p17,u7722,projects,0.094530,p17
p17,u38009,projects,0.094530,p17
p17,u20955,projects,0.094530,p17
p17,u47706,projects,0.094530,p17
p17,u3843,projects,0.094530,p17
p17,u3686,projects,0.094530,p17
p17,u1254,projects,0.094530,p17
p17,u13100,projects,0.094530,p17
p17,u10862,projects,0.094530,p17
p17,u18056,projects,0.094530,p17
p17,u22730,projects,0.094530,p17
p17,u5449,projects,0.094530,p17
p17,u1063,projects,0.094530,p17
p17,u17181,projects,0.094530,p17
p17,u24846,projects,0.094530,p17
p17,u15439,projects,0.094530,p17
p17,u3731,projects,0.094530,p17
p17,u13902,projects,0.094530,p17
p17,u4004,projects,0.094530,p17
p17,u22642,projects,0.094530,p17
p17,u2221,projects,0.094530,p17
p17,u1575,projects,0.094530,p17
p17,u6732,projects,0.094530,p17
p17,u30179,projects,0.094530,p17
p17,u2822,projects,0.094530,p17
p17,u24748,projects,0.094530,p17
p17,u3390,projects,0.094530,p17
p17,u13754,projects,0.094530,p17
p17,u1149,projects,0.094530,p17
p17,u8854,projects,0.094530,p17
p17,u11560,projects,0.094530,p17
p17,u14641,projects,0.094530,p17
p17,u13387,projects,0.094530,p17
p17,u20073,projects,0.094530,p17
p17,u23782,projects,0.094530,p17
p17,u8541,projects,0.094530,p17
p17,u2836,projects,0.094530,p17
p17,u1433,projects,0.094530,p17
p17,u13460,projects,0.094530,p17
p17,u28957,projects,0.094530,p17
p17,u25210,projects,0.094530,p17
p17,u2527,projects,0.094530,p17
p17,u14738,projects,0.094530,p17
p17,u15715,projects,0.094530,p17
p17,u2480,projects,0.094530,p17
p17,u7471,projects,0.094530,p17
p17,u51420,projects,0.094530,p17
p17,u4317,projects,0.094530,p17
p17,u9761,projects,0.094530,p17
p17,u13839,projects,0.094530,p17
p17,u26622,projects,0.094530,p17
p17,u26910,projects,0.094530,p17
p17,u5635,projects,0.094530,p17
p17,u702,projects,0.094530,p17
p17,u4029,projects,0.094530,p17
p17,u7779,projects,0.094530,p17
p17,u18358,projects,0.094530,p17
p17,u5520,projects,0.094530,p17
p17,u9621,projects,0.094530,p17
p17,u4927,projects,0.094530,p17
p17,u4946,projects,0.094530,p17
p17,u9194,projects,0.094530,p17
p17,u30317,projects,0.094530,p17
p17,u16302,projects,0.094530,p17
p17,u1619,projects,0.094530,p17
p17,u6316,projects,0.094530,p17
p17,u21477,projects,0.094530,p17
p17,u801,projects,0.094530,p17
p17,u15647,projects,0.094530,p17
p17,u20816,projects,0.094530,p17
p17,u7570,projects,0.094530,p17
p17,u18643,projects,0.094530,p17
p17,u12332,projects,0.094530,p17
p17,u45637,projects,0.094530,p17
p17,u608,projects,0.094530,p17
p17,u2137,projects,0.094530,p17
p17,u36982,projects,0.094530,p17
p17,u6661,projects,0.094530,p17
p17,u44372,projects,0.094530,p17
p17,u10265,projects,0.094530,p17
p17,u28342,projects,0.094530,p17
p17,u11816,projects,0.094530,p17
p17,u33527,projects,0.094530,p17
p17,u5956,projects,0.094530,p17
p17,u1379,projects,0.094530,p17
p17,u3483,projects,0.094530,p17
p17,u7393,projects,0.094530,p17
p17,u44762,projects,0.094530,p17
p17,u11142,projects,0.094530,p17
p17,u35914,projects,0.094530,p17
p17,u6749,projects,0.094530,p17
p17,u273,projects,0.094530,p17
p17,u7204,projects,0.094530,p17
p17,u6869,projects,0.094530,p17
p17,u45017,projects,0.094530,p17
p17,u4284,projects,0.094530,p17
p17,u14467,projects,0.094530,p17
p17,u5845,projects,0.094530,p17
p17,u9911,projects,0.094530,p17
p17,u31652,projects,0.094530,p17
p17,u19687,projects,0.094530,p17
u4471,p2734,users,0.000595,u4471
p3561,u9741,projects,0.001189,p3561
u23712,p2090,users,0.000595,u23712
u55229,p233,users,0.000595,u55229
u20773,p97,users,0.000595,u20773
p2090,u6203,projects,0.007729,p2090
p2090,u8753,projects,0.007729,p2090
p2090,u2836,projects,0.007729,p2090
p2090,u2688,projects,0.007729,p2090
p2090,u11396,projects,0.007729,p2090
p2090,u6361,projects,0.007729,p2090
u4156,p298,users,0.001189,u4156
u790,p743,users,0.000595,u790
u663,p647,users,0.000595,u663
u5928,p1736,users,0.001189,u5928
u567,p1229,users,0.000595,u567
u7519,p350,users,0.000595,u7519
u20251,p35480,users,0.001189,u20251
u285,p8,users,0.000595,u285
u40859,p3395,users,0.000595,u40859
u8314,p286,users,0.001784,u8314
p350,u13305,projects,0.019620,p350
p350,u5286,projects,0.019620,p350
p350,u9816,projects,0.019620,p350
p350,u16,projects,0.019620,p350
p350,u29372,projects,0.019620,p350
p350,u6326,projects,0.019620,p350
p350,u10425,projects,0.019620,p350
p350,u2486,projects,0.019620,p350
p350,u587,projects,0.019620,p350
p350,u12813,projects,0.019620,p350
p350,u26130,projects,0.019620,p350
p350,u868,projects,0.019620,p350
p350,u1240,projects,0.019620,p350
p350,u2678,projects,0.019620,p350
p350,u3033,projects,0.019620,p350
p350,u18631,projects,0.019620,p350
p350,u24868,projects,0.019620,p350
p350,u1144,projects,0.019620,p350
p350,u358,projects,0.019620,p350
p350,u6749,projects,0.019620,p350
p350,u5845,projects,0.019620,p350
u6408,p607,users,0.000595,u6408
u17415,p1179,users,0.001189,u17415
u16177,p4208,users,0.000595,u16177
u17216,p286,users,0.000595,u17216
u6707,p7760,users,0.000595,u6707
u1835,p878,users,0.000595,u1835
u24587,p604,users,0.001189,u24587
u6613,p299,users,0.000595,u6613
u1087,p689,users,0.000595,u1087
u46347,p4208,users,0.000595,u46347
u35120,p8,users,0.000595,u35120
u4014,p4208,users,0.001189,u4014
u1262,p120674,users,0.002973,u1262
u1262,p1319,users,0.002973,u1262
u1262,p1179,users,0.002973,u1262
u1262,p2888,users,0.002973,u1262
u15320,p189,users,0.000595,u15320
u6339,p607,users,0.001189,u6339
u6339,p1092,users,0.001189,u6339
u16223,p607,users,0.000595,u16223
u2224,p1123,users,0.000595,u2224
u12731,p65,users,0.000595,u12731
u974,p357,users,0.000595,u974
u584,p286,users,0.000595,u584
p5046,u1575,projects,0.002378,p5046
p5046,u2127,projects,0.002378,p5046
u26589,p162,users,0.000595,u26589
u12319,p607,users,0.000595,u12319
u10753,p233,users,0.000595,u10753
u306,p233,users,0.000595,u306
p291,u7881,projects,0.008323,p291
p291,u1045,projects,0.008323,p291
p291,u28595,projects,0.008323,p291
p291,u46384,projects,0.008323,p291
p291,u3175,projects,0.008323,p291
p291,u904,projects,0.008323,p291
p291,u8797,projects,0.008323,p291
p291,u4101,projects,0.008323,p291
p291,u361,projects,0.008323,p291
p291,u7393,projects,0.008323,p291
u7390,p299,users,0.000595,u7390
u20444,p2131,users,0.000595,u20444
p665,u14738,projects,0.003567,p665
p665,u7396,projects,0.003567,p665
p665,u4503,projects,0.003567,p665
p665,u698,projects,0.003567,p665
u198,p3395,users,0.011891,u198
u198,p114,users,0.011891,u198
u198,p189,users,0.011891,u198
u198,p48096,users,0.011891,u198
u198,p79617,users,0.011891,u198
u198,p18007,users,0.011891,u198
u198,p19540,users,0.011891,u198
u198,p16327,users,0.011891,u198
u198,p18592,users,0.011891,u198
u198,p2593,users,0.011891,u198
u198,p10738,users,0.011891,u198
u198,p743,users,0.011891,u198
u198,p50218,users,0.011891,u198
u198,p36939,users,0.011891,u198
u198,p545,users,0.011891,u198
u15374,p299,users,0.001189,u15374
u15374,p357,users,0.001189,u15374
u1492,p65,users,0.000595,u1492
u6906,p1009,users,0.001189,u6906
u6906,p4301,users,0.001189,u6906
u1576,p189,users,0.000595,u1576
p3395,u1420,projects,0.003567,p3395
p3395,u88,projects,0.003567,p3395
p3395,u7384,projects,0.003567,p3395
u9687,p299,users,0.000595,u9687
u435,p286,users,0.000595,u435
u13512,p16038,users,0.000595,u13512
u10608,p558,users,0.000595,u10608
u4889,p299,users,0.000595,u4889
u12259,p7091,users,0.000595,u12259
u7902,p985,users,0.000595,u7902
u10770,p1009,users,0.000595,u10770
u3936,p1514,users,0.000595,u3936
u13415,p29,users,0.000595,u13415
p953,u2077,projects,0.001189,p953
p953,u5845,projects,0.001189,p953
u7074,p29,users,0.000595,u7074
u54872,p3095,users,0.000595,u54872
u1045,p558,users,0.001189,u1045
u2653,p223,users,0.001189,u2653
u2653,p1123,users,0.001189,u2653
u14343,p299,users,0.000595,u14343
p104516,u9911,projects,0.000595,p104516
u2782,p286,users,0.000595,u2782
u13005,p1222,users,0.000595,u13005
u571,p1478,users,0.000595,u571
u527,p299,users,0.000595,u527
u1676,p558,users,0.001189,u1676
u16,p1092,users,0.002973,u16
u16,p1170,users,0.002973,u16
u16,p7091,users,0.002973,u16
u16,p604,users,0.002973,u16
p1009,u990,projects,0.014863,p1009
p1009,u17147,projects,0.014863,p1009
p1009,u8969,projects,0.014863,p1009
p1009,u1440,projects,0.014863,p1009
p1009,u501,projects,0.014863,p1009
p1009,u1409,projects,0.014863,p1009
p1009,u53,projects,0.014863,p1009
p1009,u8093,projects,0.014863,p1009
p1009,u2150,projects,0.014863,p1009
p1009,u361,projects,0.014863,p1009
p1009,u30,projects,0.014863,p1009
p1009,u6290,projects,0.014863,p1009
p1009,u6580,projects,0.014863,p1009
p1009,u4689,projects,0.014863,p1009
p1009,u35914,projects,0.014863,p1009
p1009,u6021,projects,0.014863,p1009
u2048,p3251,users,0.000595,u2048
p42828,u5635,projects,0.000595,p42828
u2404,p138,users,0.000595,u2404
u9784,p8,users,0.000595,u9784
u1837,p558,users,0.000595,u1837
u4690,p8,users,0.000595,u4690
u3197,p5529,users,0.000595,u3197
u290,p223,users,0.000595,u290
p284,u1575,projects,0.001784,p284
p284,u5525,projects,0.001784,p284
u55949,p1229,users,0.000595,u55949
u13536,p223,users,0.000595,u13536
u18458,p743,users,0.000595,u18458
u535,p2888,users,0.000595,u535
u2378,p223,users,0.000595,u2378
u8110,p29,users,0.001189,u8110
p2514,u7594,projects,0.001784,p2514
p2514,u15928,projects,0.001784,p2514
u3986,p2237,users,0.000595,u3986
u13325,p1183,users,0.000595,u13325
p82884,u11142,projects,0.000595,p82884
u5283,p607,users,0.000595,u5283
u18425,p162,users,0.000595,u18425
p28596,u3686,projects,0.000595,p28596
u12425,p1222,users,0.000595,u12425
u3843,p2131,users,0.001189,u3843
p8357,u17055,projects,0.002973,p8357
p8357,u17598,projects,0.002973,p8357
u13958,p2045,users,0.000595,u13958
u26751,p65,users,0.000595,u26751
u990,p8,users,0.001189,u990
u3980,p3784,users,0.000595,u3980
p607,u7909,projects,0.033294,p607
p607,u8507,projects,0.033294,p607
p607,u8789,projects,0.033294,p607
p607,u2933,projects,0.033294,p607
p607,u3253,projects,0.033294,p607
p607,u1691,projects,0.033294,p607
p607,u4675,projects,0.033294,p607
p607,u1266,projects,0.033294,p607
p607,u86,projects,0.033294,p607
p607,u51085,projects,0.033294,p607
p607,u226,projects,0.033294,p607
p607,u6868,projects,0.033294,p607
p607,u3666,projects,0.033294,p607
p607,u3720,projects,0.033294,p607
p607,u2148,projects,0.033294,p607
p607,u2169,projects,0.033294,p607
p607,u6153,projects,0.033294,p607
p607,u7320,projects,0.033294,p607
p607,u20050,projects,0.033294,p607
p607,u2242,projects,0.033294,p607
p607,u5458,projects,0.033294,p607
p607,u7510,projects,0.033294,p607
p607,u7696,projects,0.033294,p607
p607,u4182,projects,0.033294,p607
p607,u558,projects,0.033294,p607
p607,u16800,projects,0.033294,p607
p607,u3522,projects,0.033294,p607
p607,u1642,projects,0.033294,p607
p607,u5158,projects,0.033294,p607
p607,u20268,projects,0.033294,p607
p607,u712,projects,0.033294,p607
p607,u10848,projects,0.033294,p607
p607,u5177,projects,0.033294,p607
u1814,p8,users,0.000595,u1814
p5299,u3483,projects,0.000595,p5299
u4900,p138,users,0.000595,u4900
u5812,p8,users,0.000595,u5812
u3686,p39010,users,0.001784,u3686
u271,p689,users,0.000595,u271
u28595,p3604,users,0.001189,u28595
u7319,p7760,users,0.000595,u7319
u1254,p1658,users,0.003567,u1254
u1254,p103214,users,0.003567,u1254
u1254,p1478,users,0.003567,u1254
u1254,p2551,users,0.003567,u1254
u13100,p10010,users,0.002378,u13100
u13100,p28054,users,0.002378,u13100
u13100,p233,users,0.002378,u13100
u7257,p1092,users,0.000595,u7257
u1202,p299,users,0.000595,u1202
p22140,u5803,projects,0.001784,p22140
p22140,u2189,projects,0.001784,p22140
p1658,u23800,projects,0.004162,p1658
p1658,u16465,projects,0.004162,p1658
p1658,u2337,projects,0.004162,p1658
p1658,u361,projects,0.004162,p1658
p1658,u3670,projects,0.004162,p1658
p878,u646,projects,0.005351,p878
p878,u13902,projects,0.005351,p878
p878,u4363,projects,0.005351,p878
p878,u6441,projects,0.005351,p878
p878,u632,projects,0.005351,p878
p878,u3994,projects,0.005351,p878
p878,u8596,projects,0.005351,p878
u22294,p223,users,0.000595,u22294
u9393,p896,users,0.000595,u9393
u46622,p2804,users,0.000595,u46622
u11766,p1222,users,0.000595,u11766
u3589,p29,users,0.001189,u3589
p55926,u12332,projects,0.000595,p55926
p299,u7261,projects,0.045779,p299
p299,u7909,projects,0.045779,p299
p299,u3751,projects,0.045779,p299
p299,u5383,projects,0.045779,p299
p299,u9577,projects,0.045779,p299
p299,u15542,projects,0.045779,p299
p299,u8135,projects,0.045779,p299
p299,u9002,projects,0.045779,p299
p299,u2768,projects,0.045779,p299
p299,u14941,projects,0.045779,p299
p299,u14014,projects,0.045779,p299
p299,u1340,projects,0.045779,p299
p299,u1140,projects,0.045779,p299
p299,u18030,projects,0.045779,p299
p299,u2056,projects,0.045779,p299
p299,u5635,projects,0.045779,p299
p299,u10937,projects,0.045779,p299
p299,u35476,projects,0.045779,p299
p299,u16733,projects,0.045779,p299
p299,u49373,projects,0.045779,p299
p299,u3595,projects,0.045779,p299
p299,u684,projects,0.045779,p299
p299,u978,projects,0.045779,p299
p299,u36,projects,0.045779,p299
p299,u23608,projects,0.045779,p299
p299,u2148,projects,0.045779,p299
p299,u5073,projects,0.045779,p299
p299,u6580,projects,0.045779,p299
p299,u1208,projects,0.045779,p299
p299,u5525,projects,0.045779,p299
p299,u10340,projects,0.045779,p299
p299,u3456,projects,0.045779,p299
p299,u2046,projects,0.045779,p299
p299,u45824,projects,0.045779,p299
p299,u25383,projects,0.045779,p299
p299,u14075,projects,0.045779,p299
p299,u2391,projects,0.045779,p299
p299,u2256,projects,0.045779,p299
p299,u4826,projects,0.045779,p299
p299,u19020,projects,0.045779,p299
p299,u13784,projects,0.045779,p299
p299,u11631,projects,0.045779,p299
p299,u8112,projects,0.045779,p299
p299,u2464,projects,0.045779,p299
p299,u21976,projects,0.045779,p299
p299,u9153,projects,0.045779,p299
p299,u17053,projects,0.045779,p299
u964,p2150,users,0.000595,u964
u9873,p2888,users,0.000595,u9873
u10862,p53786,users,0.001189,u10862
u4914,p5529,users,0.000595,u4914
u9342,p558,users,0.000595,u9342
u5971,p671,users,0.000595,u5971
u7946,p1229,users,0.001189,u7946
u7946,p286,users,0.001189,u7946
u23320,p558,users,0.000595,u23320
u2724,p29,users,0.000595,u2724
u3751,p8,users,0.001189,u3751
p97,u54834,projects,0.013080,p97
p97,u19776,projects,0.013080,p97
p97,u12167,projects,0.013080,p97
p97,u4022,projects,0.013080,p97
p97,u1673,projects,0.013080,p97
p97,u24430,projects,0.013080,p97
p97,u40447,projects,0.013080,p97
p97,u368,projects,0.013080,p97
p97,u569,projects,0.013080,p97
p97,u3479,projects,0.013080,p97
p97,u1454,projects,0.013080,p97
p97,u10211,projects,0.013080,p97
p97,u16985,projects,0.013080,p97
p97,u3483,projects,0.013080,p97
p97,u33154,projects,0.013080,p97
u1703,p298,users,0.000595,u1703
u10219,p189,users,0.001189,u10219
u1644,p1546,users,0.000595,u1644
u872,p2131,users,0.001189,u872
u7476,p223,users,0.000595,u7476
u708,p845,users,0.000595,u708
u11414,p138,users,0.000595,u11414
u2823,p162,users,0.001189,u2823
u8883,p8,users,0.000595,u8883
p63478,u7393,projects,0.000595,p63478
u7634,p298,users,0.001189,u7634
u10623,p29,users,0.000595,u10623
u646,p985,users,0.002973,u646
u646,p1328,users,0.002973,u646
u646,p2585,users,0.002973,u646
u1614,p604,users,0.000595,u1614
u460,p1050,users,0.000595,u460
u7808,p65,users,0.001189,u7808
u7808,p2131,users,0.001189,u7808
u5383,p138,users,0.001189,u5383
p114,u4303,projects,0.010702,p114
p114,u2586,projects,0.010702,p114
p114,u6727,projects,0.010702,p114
p114,u238,projects,0.010702,p114
p114,u14242,projects,0.010702,p114
p114,u572,projects,0.010702,p114
p114,u9026,projects,0.010702,p114
p114,u3287,projects,0.010702,p114
p114,u15110,projects,0.010702,p114
p114,u1720,projects,0.010702,p114
p114,u5520,projects,0.010702,p114
p114,u1305,projects,0.010702,p114
p114,u7520,projects,0.010702,p114
u1852,p286,users,0.000595,u1852
u2857,p1328,users,0.000595,u2857
u1406,p1328,users,0.001189,u1406
u17181,p1857,users,0.001189,u17181
u7384,p65,users,0.001189,u7384
p1092,u3395,projects,0.013674,p1092
p1092,u3247,projects,0.013674,p1092
p1092,u5478,projects,0.013674,p1092
p1092,u4675,projects,0.013674,p1092
p1092,u8284,projects,0.013674,p1092
p1092,u1560,projects,0.013674,p1092
p1092,u6725,projects,0.013674,p1092
p1092,u4057,projects,0.013674,p1092
p1092,u31133,projects,0.013674,p1092
p1092,u5375,projects,0.013674,p1092
p1092,u15691,projects,0.013674,p1092
p1092,u15395,projects,0.013674,p1092
p1092,u506,projects,0.013674,p1092
p1092,u6431,projects,0.013674,p1092
p2646,u272,projects,0.006540,p2646
p2646,u769,projects,0.006540,p2646
p2646,u647,projects,0.006540,p2646
p2646,u10244,projects,0.006540,p2646
p2646,u4783,projects,0.006540,p2646
p3251,u437,projects,0.002973,p3251
u3731,p357,users,0.004756,u3731
u3731,p6503,users,0.004756,u3731
u3731,p3295,users,0.004756,u3731
u3731,p46796,users,0.004756,u3731
u3731,p1229,users,0.004756,u3731
u3731,p743,users,0.004756,u3731
p109281,u2221,projects,0.000595,p109281
u2422,p233,users,0.000595,u2422
u4334,p138,users,0.000595,u4334
u1230,p1229,users,0.000595,u1230
u3280,p29,users,0.001189,u3280
u6164,p1123,users,0.000595,u6164
u32053,p689,users,0.000595,u32053
u20627,p2965,users,0.000595,u20627
u2221,p37868,users,0.002378,u2221
u1610,p1179,users,0.000595,u1610
u1451,p2965,users,0.000595,u1451
u3395,p2237,users,0.001189,u3395
u10009,p1545,users,0.000595,u10009
p8616,u5845,projects,0.000595,p8616
u1575,p689,users,0.006540,u1575
u1575,p53720,users,0.006540,u1575
u1575,p5704,users,0.006540,u1575
u1575,p65,users,0.006540,u1575
u1575,p49968,users,0.006540,u1575
u1575,p52539,users,0.006540,u1575
u1575,p18015,users,0.006540,u1575
u2765,p233,users,0.000595,u2765
p357,u59,projects,0.020214,p357
p357,u8453,projects,0.020214,p357
p357,u13596,projects,0.020214,p357
p357,u23906,projects,0.020214,p357
p357,u11608,projects,0.020214,p357
p357,u5637,projects,0.020214,p357
p357,u365,projects,0.020214,p357
p357,u3045,projects,0.020214,p357
p357,u11707,projects,0.020214,p357
p357,u11075,projects,0.020214,p357
p357,u18323,projects,0.020214,p357
p357,u19011,projects,0.020214,p357
p357,u10280,projects,0.020214,p357
p357,u2120,projects,0.020214,p357
p357,u11972,projects,0.020214,p357
p357,u13762,projects,0.020214,p357
p357,u8520,projects,0.020214,p357
p357,u13007,projects,0.020214,p357
p357,u18770,projects,0.020214,p357
p357,u14467,projects,0.020214,p357
u6462,p1229,users,0.000595,u6462
u14212,p138,users,0.001189,u14212
p7392,u38824,projects,0.001189,p7392
p7392,u2137,projects,0.001189,p7392
p4893,u9621,projects,0.001189,p4893
p4893,u987,projects,0.001189,p4893
u3414,p6894,users,0.000595,u3414
u2822,p647,users,0.002378,u2822
u2822,p896,users,0.002378,u2822
u2822,p7855,users,0.002378,u2822
p2804,u31002,projects,0.003567,p2804
p2804,u42326,projects,0.003567,p2804
p2804,u2137,projects,0.003567,p2804
p8360,u1859,projects,0.001189,p8360
u10667,p2585,users,0.000595,u10667
u43385,p1478,users,0.000595,u43385
u1393,p1183,users,0.001189,u1393
u4711,p162,users,0.001784,u4711
u4711,p1222,users,0.001784,u4711
u2057,p2593,users,0.000595,u2057
u13540,p6503,users,0.000595,u13540
u13441,p223,users,0.000595,u13441
u19108,p298,users,0.000595,u19108
u6441,p233,users,0.001189,u6441
u2780,p8,users,0.000595,u2780
p20876,u608,projects,0.000595,p20876
u3306,p985,users,0.001189,u3306
u3390,p18661,users,0.001784,u3390
u3390,p2754,users,0.001784,u3390
u19547,p29,users,0.000595,u19547
u1043,p1229,users,0.000595,u1043
u12196,p1736,users,0.000595,u12196
u8946,p298,users,0.000595,u8946
u16389,p1545,users,0.000595,u16389
u422,p558,users,0.000595,u422
u38,p671,users,0.000595,u38
u7977,p1179,users,0.000595,u7977
p3802,u5845,projects,0.000595,p3802
u1762,p65,users,0.000595,u1762
u6546,p1478,users,0.000595,u6546
u322,p53720,users,0.002973,u322
u322,p65,users,0.002973,u322
u322,p1958,users,0.002973,u322
u6816,p4301,users,0.000595,u6816
u8854,p35818,users,0.001784,u8854
u1483,p1514,users,0.001189,u1483
u1058,p29,users,0.000595,u1058
u21908,p286,users,0.000595,u21908
u33067,p1514,users,0.000595,u33067
u139,p65,users,0.000595,u139
u4790,p138,users,0.000595,u4790
u710,p189,users,0.000595,u710
u1083,p138,users,0.001189,u1083
u1083,p65,users,0.001189,u1083
u8444,p298,users,0.000595,u8444
u22739,p2888,users,0.000595,u22739
u534,p162,users,0.001189,u534
u534,p5529,users,0.001189,u534
u6812,p558,users,0.000595,u6812
u1753,p7091,users,0.000595,u1753
p1546,u10085,projects,0.004162,p1546
p1546,u4129,projects,0.004162,p1546
p1546,u1211,projects,0.004162,p1546
p1546,u2573,projects,0.004162,p1546
u1425,p65,users,0.000595,u1425
u13387,p5706,users,0.001189,u13387
u36491,p138,users,0.000595,u36491
u2842,p286,users,0.000595,u2842
u1673,p7091,users,0.001784,u1673
u2227,p558,users,0.000595,u2227
p11038,u702,projects,0.001189,p11038
p11038,u15369,projects,0.001189,p11038
u1148,p233,users,0.000595,u1148
u8541,p9183,users,0.001189,u8541
p41712,u20816,projects,0.000595,p41712
u7045,p223,users,0.001189,u7045
u7045,p558,users,0.001189,u7045
u4123,p1514,users,0.000595,u4123
u1955,p65,users,0.000595,u1955
p189,u10244,projects,0.011296,p189
p189,u17714,projects,0.011296,p189
p189,u1866,projects,0.011296,p189
p189,u46527,projects,0.011296,p189
p189,u5458,projects,0.011296,p189
p189,u6437,projects,0.011296,p189
p189,u11816,projects,0.011296,p189
p1857,u6042,projects,0.005945,p1857
p1857,u6395,projects,0.005945,p1857
p1857,u27708,projects,0.005945,p1857
p1857,u3934,projects,0.005945,p1857
p1857,u4756,projects,0.005945,p1857
p1857,u7271,projects,0.005945,p1857
p1857,u2137,projects,0.005945,p1857
u758,p138,users,0.000595,u758
u14432,p29,users,0.000595,u14432
u18169,p138,users,0.000595,u18169
p1545,u6316,projects,0.002973,p1545
p1545,u791,projects,0.002973,p1545
p1545,u3128,projects,0.002973,p1545
u47644,p233,users,0.000595,u47644
u41577,p233,users,0.000595,u41577
u2097,p286,users,0.000595,u2097
u11423,p7091,users,0.000595,u11423
u12933,p138,users,0.000595,u12933
u28957,p298,users,0.001189,u28957
p2562,u1384,projects,0.005351,p2562
p2562,u940,projects,0.005351,p2562
p2562,u11816,projects,0.005351,p2562
p2562,u3990,projects,0.005351,p2562
p2562,u13258,projects,0.005351,p2562
u5901,p286,users,0.000595,u5901
u4706,p29,users,0.001189,u4706
u2506,p8,users,0.000595,u2506
u1449,p8,users,0.001189,u1449
u22842,p3295,users,0.000595,u22842
u4911,p1229,users,0.000595,u4911
p2045,u8874,projects,0.002973,p2045
p2045,u6207,projects,0.002973,p2045
p1183,u11317,projects,0.005945,p1183
p1183,u36130,projects,0.005945,p1183
u48233,p558,users,0.000595,u48233
u7192,p2888,users,0.000595,u7192
u2956,p298,users,0.000595,u2956
u875,p233,users,0.000595,u875
u2514,p29,users,0.000595,u2514
p1170,u11571,projects,0.006540,p1170
p1170,u15475,projects,0.006540,p1170
p1170,u22874,projects,0.006540,p1170
p1170,u17066,projects,0.006540,p1170
p1170,u1034,projects,0.006540,p1170
p1170,u929,projects,0.006540,p1170
u9696,p845,users,0.000595,u9696
u23479,p298,users,0.000595,u23479
u3116,p8,users,0.000595,u3116
u25067,p8,users,0.000595,u25067
u12790,p29,users,0.001189,u12790
p162,u1828,projects,0.014863,p162
p162,u8737,projects,0.014863,p162
p162,u1278,projects,0.014863,p162
p162,u485,projects,0.014863,p162
p162,u1679,projects,0.014863,p162
p162,u5759,projects,0.014863,p162
p162,u1032,projects,0.014863,p162
p162,u608,projects,0.014863,p162
p162,u26872,projects,0.014863,p162
p162,u20543,projects,0.014863,p162
p162,u7903,projects,0.014863,p162
p162,u13616,projects,0.014863,p162
p162,u1798,projects,0.014863,p162
u6427,p298,users,0.000595,u6427
u8953,p8,users,0.000595,u8953
u20,p5704,users,0.001189,u20
u20,p2585,users,0.001189,u20
u3588,p3784,users,0.001189,u3588
u2406,p65,users,0.001189,u2406
u16107,p5529,users,0.000595,u16107
p689,u14589,projects,0.011296,p689
p689,u3636,projects,0.011296,p689
p689,u5411,projects,0.011296,p689
p689,u1056,projects,0.011296,p689
p689,u955,projects,0.011296,p689
p689,u6844,projects,0.011296,p689
p689,u14378,projects,0.011296,p689
p689,u16873,projects,0.011296,p689
p689,u862,projects,0.011296,p689
p689,u3790,projects,0.011296,p689
p223,u6977,projects,0.017836,p223
p223,u3287,projects,0.017836,p223
p223,u4927,projects,0.017836,p223
p223,u1204,projects,0.017836,p223
p223,u6473,projects,0.017836,p223
p223,u19369,projects,0.017836,p223
p223,u3120,projects,0.017836,p223
p223,u37359,projects,0.017836,p223
p223,u15600,projects,0.017836,p223
p223,u7579,projects,0.017836,p223
p223,u15416,projects,0.017836,p223
p223,u20168,projects,0.017836,p223
p223,u43656,projects,0.017836,p223
p223,u1911,projects,0.017836,p223
p223,u21251,projects,0.017836,p223
u7373,p10010,users,0.000595,u7373
u8408,p298,users,0.000595,u8408
u16579,p1514,users,0.000595,u16579
u1850,p1179,users,0.000595,u1850
u365,p138,users,0.001189,u365
u3632,p1229,users,0.000595,u3632
u13917,p1514,users,0.000595,u13917
u2222,p29,users,0.001189,u2222
u3729,p558,users,0.000595,u3729
u6969,p138,users,0.001189,u6969
p6503,u18071,projects,0.002378,p6503
p298,u9033,projects,0.022592,p298
p298,u2056,projects,0.022592,p298
p298,u12184,projects,0.022592,p298
p298,u11056,projects,0.022592,p298
p298,u2569,projects,0.022592,p298
p298,u12664,projects,0.022592,p298
p298,u1208,projects,0.022592,p298
p298,u92,projects,0.022592,p298
p298,u437,projects,0.022592,p298
p298,u2906,projects,0.022592,p298
p298,u8666,projects,0.022592,p298
p298,u255,projects,0.022592,p298
p298,u456,projects,0.022592,p298
p298,u24868,projects,0.022592,p298
p298,u1546,projects,0.022592,p298
p298,u23585,projects,0.022592,p298
p298,u7422,projects,0.022592,p298
p298,u5416,projects,0.022592,p298
p298,u929,projects,0.022592,p298
u817,p233,users,0.000595,u817
u23217,p558,users,0.000595,u23217
p3604,u2127,projects,0.004162,p3604
p3604,u5956,projects,0.004162,p3604
u2479,p647,users,0.001189,u2479
u2479,p1514,users,0.001189,u2479
u28872,p29,users,0.000595,u28872
u401,p10010,users,0.000595,u401
u2044,p286,users,0.000595,u2044
u87,p65,users,0.000595,u87
u5340,p8,users,0.000595,u5340
u2509,p1179,users,0.001189,u2509
u21688,p8,users,0.000595,u21688
u22452,p1328,users,0.000595,u22452
u8769,p138,users,0.001189,u8769
u6758,p138,users,0.000595,u6758
u2480,p985,users,0.002378,u2480
u2480,p138,users,0.002378,u2480
u1398,p647,users,0.000595,u1398
u5729,p4301,users,0.000595,u5729
p4301,u5088,projects,0.008323,p4301
p4301,u12888,projects,0.008323,p4301
p4301,u8767,projects,0.008323,p4301
p4301,u25084,projects,0.008323,p4301
p4301,u23538,projects,0.008323,p4301
p4301,u1736,projects,0.008323,p4301
u86,p558,users,0.001784,u86
u86,p2965,users,0.001784,u86
p16038,u5408,projects,0.003567,p16038
p16038,u13834,projects,0.003567,p16038
p16038,u298,projects,0.003567,p16038
u6970,p647,users,0.000595,u6970
u334,p558,users,0.000595,u334
u5220,p845,users,0.000595,u5220
u3494,p558,users,0.000595,u3494
u2927,p233,users,0.000595,u2927
p186,u702,projects,0.000595,p186
u7353,p7760,users,0.000595,u7353
u4317,p23284,users,0.001784,u4317
u4317,p22025,users,0.001784,u4317
u6742,p2734,users,0.000595,u6742
u632,p1179,users,0.001189,u632
u9761,p29,users,0.001189,u9761
u14119,p1478,users,0.000595,u14119
u2712,p8,users,0.000595,u2712
u8387,p29,users,0.001189,u8387
u1658,p2131,users,0.000595,u1658
u1975,p3678,users,0.002378,u1975
u1975,p3654,users,0.002378,u1975
u5400,p10548,users,0.000595,u5400
u5488,p2965,users,0.000595,u5488
u3040,p1514,users,0.000595,u3040
u2854,p1179,users,0.000595,u2854
u299,p29,users,0.000595,u299
u20307,p233,users,0.000595,u20307
u226,p29,users,0.002378,u226
u6925,p2965,users,0.000595,u6925
p5529,u608,projects,0.002973,p5529
u6645,p1050,users,0.000595,u6645
u3994,p3678,users,0.001189,u3994
u10142,p286,users,0.000595,u10142
u112,p1179,users,0.000595,u112
u5635,p845,users,0.002378,u5635
u702,p1514,users,0.004162,u702
u702,p1299,users,0.004162,u702
u12697,p2734,users,0.000595,u12697
u10051,p2888,users,0.000595,u10051
u24200,p8,users,0.000595,u24200
u6905,p1514,users,0.000595,u6905
u10937,p2888,users,0.001189,u10937
p985,u5936,projects,0.005351,p985
u940,p29,users,0.001189,u940
u3610,p3784,users,0.000595,u3610
p558,u2570,projects,0.019620,p558
p558,u2416,projects,0.019620,p558
p558,u1305,projects,0.019620,p558
p558,u20271,projects,0.019620,p558
p558,u2148,projects,0.019620,p558
p558,u723,projects,0.019620,p558
p558,u4045,projects,0.019620,p558
p558,u16985,projects,0.019620,p558
p558,u3894,projects,0.019620,p558
p6894,u1720,projects,0.002973,p6894
p6894,u801,projects,0.002973,p6894
u3945,p1179,users,0.000595,u3945
u3110,p671,users,0.000595,u3110
u7779,p383,users,0.001189,u7779
u53159,p233,users,0.000595,u53159
u914,p138,users,0.000595,u914
u19671,p29,users,0.000595,u19671
u7890,p1958,users,0.000595,u7890
p671,u608,projects,0.002378,p671
p3095,u2137,projects,0.001189,p3095
p647,u589,projects,0.014863,p647
p647,u14306,projects,0.014863,p647
p647,u4136,projects,0.014863,p647
p647,u544,projects,0.014863,p647
p647,u7887,projects,0.014863,p647
p647,u846,projects,0.014863,p647
p647,u1749,projects,0.014863,p647
p647,u6174,projects,0.014863,p647
p647,u7473,projects,0.014863,p647
p647,u1066,projects,0.014863,p647
p647,u10747,projects,0.014863,p647
p647,u1682,projects,0.014863,p647
p647,u3134,projects,0.014863,p647
p647,u3142,projects,0.014863,p647
u11235,p286,users,0.000595,u11235
u1278,p138,users,0.001784,u1278
u932,p29,users,0.000595,u932
p37885,u11816,projects,0.000595,p37885
p845,u4080,projects,0.006540,p845
p845,u3720,projects,0.006540,p845
p845,u2950,projects,0.006540,p845
p845,u6733,projects,0.006540,p845
p845,u5936,projects,0.006540,p845
p845,u5055,projects,0.006540,p845
p138,u21351,projects,0.018430,p138
p138,u1780,projects,0.018430,p138
p138,u868,projects,0.018430,p138
p138,u44,projects,0.018430,p138
p138,u935,projects,0.018430,p138
p138,u7765,projects,0.018430,p138
p138,u1868,projects,0.018430,p138
p138,u106,projects,0.018430,p138
p138,u11088,projects,0.018430,p138
u8431,p1229,users,0.000595,u8431
u5520,p6589,users,0.001784,u5520
u29288,p2734,users,0.000595,u29288
p1328,u9904,projects,0.009512,p1328
p1328,u2133,projects,0.009512,p1328
p1328,u1648,projects,0.009512,p1328
p1328,u1880,projects,0.009512,p1328
p1328,u24,projects,0.009512,p1328
p5706,u558,projects,0.001189,p5706
u8221,p1050,users,0.000595,u8221
u2852,p1179,users,0.000595,u2852
u1890,p2150,users,0.000595,u1890
u5323,p286,users,0.001189,u5323
u5323,p29,users,0.001189,u5323
p7091,u2002,projects,0.005351,p7091
p7091,u2137,projects,0.005351,p7091
u3569,p1958,users,0.000595,u3569
u1211,p515,users,0.001784,u1211
u1211,p2965,users,0.001784,u1211
u4730,p1229,users,0.000595,u4730
u5695,p233,users,0.000595,u5695
u1910,p29,users,0.000595,u1910
u1056,p2131,users,0.001189,u1056
p2150,u608,projects,0.002973,p2150
u2398,p8,users,0.000595,u2398
u684,p1123,users,0.001189,u684
u6926,p65,users,0.000595,u6926
p1478,u254,projects,0.008323,p1478
p1478,u5015,projects,0.008323,p1478
p1478,u6975,projects,0.008323,p1478
p1478,u2510,projects,0.008323,p1478
p1478,u3329,projects,0.008323,p1478
u978,p65,users,0.001189,u978
p1179,u16387,projects,0.014269,p1179
p1179,u2169,projects,0.014269,p1179
p1179,u530,projects,0.014269,p1179
p1179,u2547,projects,0.014269,p1179
p1179,u2901,projects,0.014269,p1179
p1179,u5674,projects,0.014269,p1179
u316,p29,users,0.000595,u316
u1305,p4208,users,0.001784,u1305
u5745,p29,users,0.000595,u5745
u4408,p743,users,0.000595,u4408
p1229,u195,projects,0.010107,p1229
u95,p1514,users,0.000595,u95
u5582,p2277,users,0.000595,u5582
u15499,p286,users,0.000595,u15499
u6234,p604,users,0.000595,u6234
u5073,p7760,users,0.001189,u5073
u2068,p4208,users,0.000595,u2068
u15716,p29,users,0.000595,u15716
u18428,p233,users,0.000595,u18428
u16387,p233,users,0.001189,u16387
u8256,p1123,users,0.000595,u8256
p1050,u1619,projects,0.003567,p1050
p1050,u5563,projects,0.003567,p1050
u6207,p2585,users,0.001189,u6207
u4323,p3784,users,0.001784,u4323
u4323,p1514,users,0.001784,u4323
u18265,p29,users,0.000595,u18265
u3454,p8,users,0.000595,u3454
p1986,u2137,projects,0.001189,p1986
p1986,u1267,projects,0.001189,p1986
p1222,u16562,projects,0.006540,p1222
p1222,u608,projects,0.006540,p1222
p1222,u774,projects,0.006540,p1222
u16048,p515,users,0.000595,u16048
u935,p8,users,0.001784,u935
p18292,u9911,projects,0.000595,p18292
u21965,p29,users,0.000595,u21965
u11897,p29,users,0.000595,u11897
u931,p4208,users,0.000595,u931
u1208,p1123,users,0.002378,u1208
p3784,u2844,projects,0.004756,p3784
u140,p3654,users,0.000595,u140
u14473,p286,users,0.000595,u14473
p1514,u6881,projects,0.013080,p1514
p1514,u2906,projects,0.013080,p1514
p1514,u2510,projects,0.013080,p1514
p1514,u5177,projects,0.013080,p1514
p604,u258,projects,0.006540,p604
u159,p29,users,0.001189,u159
p2277,u2137,projects,0.001189,p2277
u6229,p4208,users,0.000595,u6229
u92,p4208,users,0.001189,u92
u6316,p8,users,0.001784,u6316
u7721,p65,users,0.000595,u7721
u7456,p8,users,0.000595,u7456
u16297,p8,users,0.000595,u16297
u986,p1958,users,0.000595,u986
u1898,p743,users,0.001189,u1898
p65,u48984,projects,0.021998,p65
p65,u7330,projects,0.021998,p65
p65,u8582,projects,0.021998,p65
p65,u12819,projects,0.021998,p65
p65,u2596,projects,0.021998,p65
p3051,u5845,projects,0.000595,p3051
u1895,p286,users,0.000595,u1895
u2906,p8,users,0.002378,u2906
u2459,p1958,users,0.000595,u2459
u2008,p286,users,0.001189,u2008
u11505,p8,users,0.000595,u11505
u26930,p8,users,0.000595,u26930
p1736,u4053,projects,0.003567,p1736
p1736,u6749,projects,0.003567,p1736
u801,p1123,users,0.001784,u801
u15647,p839,users,0.002378,u15647
u6733,p2585,users,0.001189,u6733
u13257,p29,users,0.000595,u13257
u1106,p286,users,0.000595,u1106
p1299,u1859,projects,0.001189,p1299
p2593,u673,projects,0.002973,p2593
p2593,u6077,projects,0.002973,p2593
u215,p2131,users,0.001189,u215
p2131,u10566,projects,0.008918,p2131
p2131,u1197,projects,0.008918,p2131
p2131,u809,projects,0.008918,p2131
u21752,p29,users,0.000595,u21752
u11762,p233,users,0.000595,u11762
p896,u2120,projects,0.003567,p896
p896,u21,projects,0.003567,p896
u5135,p8,users,0.000595,u5135
u5010,p233,users,0.001189,u5010
u5010,p8,users,0.001189,u5010
u22431,p8,users,0.000595,u22431
u7100,p233,users,0.000595,u7100
u862,p1958,users,0.001189,u862
p515,u14467,projects,0.002378,p515
u39746,p2585,users,0.000595,u39746
u6528,p8,users,0.000595,u6528
u1777,p4208,users,0.000595,u1777
u6682,p233,users,0.000595,u6682
u816,p286,users,0.000595,u816
u35047,p8,users,0.000595,u35047
u1180,p1584,users,0.001189,u1180
u456,p29,users,0.001189,u456
u8795,p29,users,0.000595,u8795
u2898,p233,users,0.000595,u2898
p10548,u6749,projects,0.001784,p10548
u15556,p3654,users,0.000595,u15556
u5157,p1958,users,0.000595,u5157
u4501,p743,users,0.000595,u4501
u5588,p3678,users,0.000595,u5588
u399,p8,users,0.000595,u399
u2771,p8,users,0.000595,u2771
p10866,u1379,projects,0.001784,p10866
p10866,u14776,projects,0.001784,p10866
p839,u5916,projects,0.001189,p839
p743,u9107,projects,0.005945,p743
p1123,u655,projects,0.006540,p1123
u118,p8,users,0.000595,u118
p2585,u7213,projects,0.006540,p2585
p2585,u712,projects,0.006540,p2585
u698,p8,users,0.001189,u698
p286,u655,projects,0.017836,p286
u2504,p8,users,0.000595,u2504
u9338,p8,users,0.000595,u9338
u10505,p8,users,0.000595,u10505
u4364,p29,users,0.000595,u4364
p3654,u1736,projects,0.004162,p3654
u36889,p29,users,0.000595,u36889
u327,p29,users,0.000595,u327
p7760,u2254,projects,0.003567,p7760
u3702,p29,users,0.000595,u3702
p2888,u5228,projects,0.005351,p2888
u9186,p8,users,0.000595,u9186
u2596,p8,users,0.001189,u2596
p18015,u298,projects,0.001189,p18015