id,budget,revenue
19995,237000000,2787965087.00
285,300000000,961000000.00 
206647,245000000,880674609.00 
49026,250000000,1084939099.00
49529,260000000,284139100.00 
559,258000000,890871626.00 
38757,260000000,591794936.00 
99861,280000000,1405403694.00
767,250000000,933959197.00 
209112,250000000,873260194.00 
1452,270000000,391081192.00 
10764,200000000,586090727.00 
58,200000000,1065659812.00
57201,255000000,89289910.00  
49521,225000000,662845518.00 
2454,225000000,419651413.00 
24428,220000000,1519557910.00
1865,380000000,1045713802.00
41154,225000000,624026776.00 
122917,250000000,956019788.00 
1930,215000000,752215857.00 
20662,200000000,310669540.00 
57158,250000000,958400000.00 
2268,180000000,372234864.00 
254,207000000,550000000.00 
597,200000000,1845034188.00
271110,250000000,1153304495.00
44833,209000000,303025485.00 
135397,150000000,1513528810.00
37724,200000000,1108561013.00
558,200000000,783766341.00 
68721,200000000,1215439994.00
12155,200000000,1025491110.00
36668,210000000,459359555.00 
62211,200000000,743559607.00 
8373,150000000,836297228.00 
91314,210000000,1091405097.00
68728,200000000,491868548.00 
102382,200000000,705717432.00 
20526,170000000,400062763.00 
49013,200000000,559852396.00 
44912,200000000,219851172.00 
10193,200000000,1066969703.00
534,200000000,371353001.00 
168259,190000000,1506249360.00
72190,200000000,531865000.00 
127585,250000000,747862775.00 
54138,190000000,467365246.00 
81005,195000000,197687603.00 
64682,105000000,351040419.00 
9543,150000000,335154643.00 
68726,180000000,407602906.00 
38356,195000000,1123746996.00
217,185000000,786636033.00 
105864,175000000,331926147.00 
62177,185000000,538983207.00 
188927,185000000,343471816.00 
10681,180000000,521311860.00 
5174,140000000,258022233.00 
14161,200000000,769653595.00 
17979,200000000,325233863.00 
76757,176000003,183987723.00 
258489,180000000,356743061.00 
411,180000000,748806957.00 
246655,178000000,543934787.00 
155,185000000,1004558444.00
14160,175000000,735099082.00 
15512,175000000,381509870.00 
1726,140000000,585174222.00 
44826,170000000,185770160.00 
8487,170000000,222104681.00 
1735,145000000,401128639.00 
297761,175000000,745000000.00 
2698,175000000,173000000.00 
137113,178000000,370541256.00 
9804,175000000,264218220.00 
14869,175000000,302469017.00 
150540,175000000,857611174.00 
278927,175000000,966550600.00 
10138,200000000,623933331.00 
58595,170000000,396600000.00 
102651,180000000,758539785.00 
119450,170000000,710644566.00 
64686,175000000,150962475.00 
100402,170000000,714766572.00 
10192,165000000,752600867.00 
158852,190000000,209154322.00 
177572,165000000,652105443.00 
82690,165000000,471222889.00 
5255,165000000,305875730.00 
47933,165000000,389681935.00 
10191,165000000,494878759.00 
296,200000000,435000000.00 
118340,170000000,773328629.00 
157336,165000000,675120017.00 
27205,160000000,825532764.00 
315011,15000000,77000000.00  
49051,250000000,1021103568.00
9799,38000000,207283925.00 
4922,150000000,333932083.00 
49538,160000000,353624124.00 
131634,160000000,653428261.00 
27022,150000000,215283742.00 
503,160000000,181674817.00 
241259,170000000,299370084.00 
810,160000000,798958165.00 
68735,160000000,433677183.00 
87101,155000000,440603537.00 
10140,155000000,415686217.00 
676,140000000,449220945.00 
1858,150000000,709709780.00 
1966,155000000,167298192.00 
675,150000000,938212738.00 
674,150000000,895921036.00 
8960,150000000,624029371.00 
6479,150000000,585349010.00 
118,150000000,474968763.00 
2062,150000000,623722818.00 
272,150000000,374218673.00 
10527,150000000,603900354.00 
18360,150000000,413106170.00 
2080,150000000,373062864.00 
605,150000000,424988211.00 
109445,150000000,1274219009.00
604,150000000,738599701.00 
76338,170000000,644571402.00 
76341,150000000,378858340.00 
13448,150000000,356613439.00 
10195,150000000,449326618.00 
13053,150000000,309979994.00 
19585,150000000,292817841.00 
57165,150000000,301000000.00 
62213,150000000,245527149.00 
177677,150000000,682330139.00 
5559,150000000,287594577.00 
49444,150000000,665692281.00 
10196,150000000,318502923.00 
956,150000000,397850012.00 
117251,150000000,205366737.00 
50321,150000000,38992758.00  
11619,149000000,64459316.00  
266647,150000000,128388320.00 
82703,145000000,272912430.00 
652,175000000,497409852.00 
80321,145000000,746921274.00 
36669,140000000,431971116.00 
43074,144000000,229147509.00 
95,140000000,553799566.00 
608,140000000,441818803.00 
2310,70000000,195735876.00 
140300,145000000,521170825.00 
56292,145000000,694713380.00 
81188,145000000,306941670.00 
7552,100000000,202026112.00 
616,140000000,456758981.00 
147441,140000000,268031828.00 
13475,150000000,385680446.00 
557,139000000,821708551.00 
82702,145000000,609123048.00 
205584,140000000,150680864.00 
10048,135000000,76932943.00  
13183,130000000,185258983.00 
944,140000000,285444603.00 
1927,137000000,245360480.00 
72559,130000000,371876278.00 
7364,130000000,119269486.00 
2114,137000000,85131830.00  
1771,140000000,370569774.00 
36643,135000000,361832400.00 
8619,150000000,212011111.00 
50620,120000000,829000000.00 
65759,130000000,150406466.00 
1724,150000000,163712074.00 
267935,140000000,183345589.00 
281957,135000000,532950503.00 
77950,135000000,282570682.00 
44896,135000000,245724603.00 
270946,132000000,373552094.00 
2503,70000000,442824138.00 
9502,130000000,631744560.00 
102899,130000000,519311965.00 
101299,130000000,847423452.00 
228161,135000000,368871007.00 
74,132000000,591739379.00 
8961,130000000,273339556.00 
417859,130000000,554987477.00 
27576,110000000,293329073.00 
86834,125000000,362637473.00 
17578,130000000,371940071.00 
673,130000000,789804554.00 
6972,130000000,49554002.00  
82700,130000000,243843127.00 
10567,127500000,354248063.00 
181533,127000000,349424282.00 
38055,130000000,321887208.00 
671,125000000,976475550.00 
49524,130000000,61648500.00  
22,140000000,655011224.00 
131631,125000000,752100229.00 
591,125000000,767820459.00 
172385,103000000,500188435.00 
36658,110000000,407711549.00 
51497,125000000,626137675.00 
58574,125000000,334615000.00 
18823,125000000,232713139.00 
861,65000000,261317921.00 
1911,160000000,61698899.00  
49040,130000000,276572938.00 
415,125000000,238207122.00 
8871,123000000,345141403.00 
435,125000000,544272402.00 
955,125000000,546388105.00 
2133,120000000,325756637.00 
1979,130000000,289047763.00 
87827,120000000,609016565.00 
1250,110000000,228738393.00 
324668,120000000,415484914.00 
9471,120000000,259175788.00 
70981,130000000,403170142.00 
10996,120000000,169956806.00 
68724,115000000,286140700.00 
2789,105000000,115772733.00 
97020,120000000,242688965.00 
7459,120000000,93945766.00  
42888,120000000,48668907.00  
37834,117000000,261930431.00 
75612,120000000,286168572.00 
1895,113000000,850000000.00 
1894,120000000,649398328.00 
585,115000000,562816256.00 
76170,120000000,415440673.00 
1893,115000000,924317558.00 
49519,135000000,585178928.00 
2395,97250400,132900000.00 
12100,115000000,77628265.00  
290595,115000000,164602163.00 
98566,125000000,477200000.00 
49047,105000000,716392705.00 
9619,116000000,178127760.00 
308531,135000000,245623848.00 
166424,120000000,167977596.00 
1593,110000000,574480841.00 
254128,110000000,470490832.00 
714,110000000,333011068.00 
2024,110000000,215294342.00 
163,110000000,362744280.00 
787,110000000,478207520.00 
262500,110000000,295238201.00 
2567,116000000,102000000.00 
38745,112000000,237382724.00 
40805,120000000,227817248.00 
53182,110000000,337580051.00 
41513,110000000,563749323.00 
13700,110000000,103951461.00 
262504,110000000,179246868.00 
39254,110000000,299268508.00 
77931,105000000,347434178.00 
1639,160000000,164508066.00 
80274,110000000,125537191.00 
1571,110000000,383531464.00 
120,93000000,871368364.00 
10204,110000000,72178895.00  
8489,107000000,87713825.00  
2048,120000000,347234916.00 
1495,130000000,211643158.00 
10137,133000000,300135367.00 
10198,105000000,267045765.00 
286217,108000000,630161890.00 
1635,126000000,162949164.00 
24113,90000000,10372291.00  
9679,90000000,237202299.00 
98,103000000,457640427.00 
180,102000000,358372926.00 
672,100000000,876688482.00 
36557,150000000,599045960.00 
869,100000000,362211740.00 
280,100000000,520000000.00 
11322,80000000,214104620.00 
4982,100000000,266465037.00 
36955,115000000,378882411.00 
18487,100000000,150166126.00 
39451,100000000,310650585.00 
27581,100000000,170432927.00 
9268,100000000,242295562.00 
68718,100000000,425368238.00 
10545,100000000,100138851.00 
11688,100000000,169327687.00 
76163,100000000,312573423.00 
2059,100000000,347451894.00 
2486,100000000,249288105.00 
16523,100000000,100086793.00 
116711,100000000,268426634.00 
37710,100000000,278731369.00 
9946,100000000,211989043.00 
1372,100000000,170877916.00 
106646,100000000,392000694.00 
414,100000000,336529144.00 
563,105000000,121214377.00 
83542,102000000,130482868.00 
41216,80000000,140073390.00 
314,100000000,82102379.00  
184315,100000000,243400000.00 
9016,140000000,109578115.00 
18162,100000000,68688831.00  
138103,90000000,206172544.00 
257088,105000000,133718711.00 
205775,100000000,93820758.00  
11692,100000000,7103973.00   
22972,100000000,94882889.00  
227973,99000000,246233113.00 
29193,10000000,13835130.00  
1734,98000000,433013274.00 
3131,100000000,193772504.00 
76758,94000000,95311434.00  
9408,85000000,149044513.00 
9890,90000000,102000000.00 
855,92000000,172989651.00 
18,90000000,263920180.00 
37786,100000000,288347692.00 
10501,95000000,76432727.00  
57800,95000000,877244782.00 
150689,95000000,543514353.00 
7980,65000000,93525586.00  
12,94000000,940335536.00 
122,94000000,1118888979.00
121,79000000,926287400.00 
68737,95000000,114178613.00 
1995,115000000,274703340.00 
157353,100000000,103039258.00 
331,93000000,368780809.00 
61791,93000000,482860185.00 
8204,90000000,162839667.00 
47964,92000000,304654182.00 
10733,145000000,25819961.00  
9806,92000000,631442092.00 
1408,98000000,10017322.00  
32657,95000000,226497209.00 
607,90000000,589390539.00 
863,90000000,497366869.00 
44048,100000000,167805466.00 
5175,90000000,347325802.00 
2655,100000000,155464351.00 
22794,100000000,242988466.00 
8355,90000000,886686817.00 
116745,90000000,188133322.00 
4327,92000000,264105545.00 
1422,90000000,289847354.00 
10674,90000000,304320254.00 
7446,92000000,188072649.00 
65754,90000000,232617430.00 
1572,90000000,366101666.00 
10528,90000000,524028679.00 
271969,100000000,94061311.00  
10865,120000000,186053725.00 
2253,75000000,200276000.00 
10661,90000000,201596308.00 
257344,88000000,243637091.00 
644,100000000,235926552.00 
10756,90000000,182290266.00 
686,90000000,171120329.00 
9383,95000000,190213455.00 
179,80000000,162944923.00 
76285,90000000,174578751.00 
1996,95000000,156505388.00 
291805,90000000,334901337.00 
10003,68000000,118063304.00 
1535,92000000,143049560.00 
2067,90000000,60874615.00  
46195,90000000,484635760.00 
2277,100000000,93700000.00  
4477,90000000,140807547.00 
8665,100000000,35168966.00  
9387,20000000,79114085.00  
921,88000000,108539911.00 
49852,90000000,16178959.00  
4464,87000000,148336445.00 
664,92000000,494471524.00 
8358,90000000,429632142.00 
9836,100000000,384335608.00 
2502,75000000,288500217.00 
9772,85000000,315156409.00 
161,85000000,450717150.00 
52451,75000000,132274484.00 
76492,85000000,358375603.00 
4523,85000000,340487652.00 
59961,85000000,208076205.00 
10481,85000000,183611771.00 
59108,75000000,152930623.00 
1581,85000000,194168700.00 
9798,90000000,250649836.00 
22897,85000000,219103655.00 
298,85000000,311312624.00 
7484,85000000,197309027.00 
157350,85000000,288747895.00 
853,68000000,96976270.00  
10159,85000000,80916492.00  
9593,85000000,137298489.00 
1904,85000000,162242962.00 
9615,85000000,158468292.00 
297,90000000,142940100.00 
9884,85000000,78382433.00  
62764,85000000,183018522.00 
22538,60000000,47664559.00  
9341,60000000,74208267.00  
12107,84000000,123307945.00 
9637,84000000,275650703.00 
49049,50000000,41037742.00  
9339,82500000,237681299.00 
16281,8000000,21028755.00  
39691,85000000,112483764.00 
8247,85000000,222231186.00 
11253,85000000,160388063.00 
1949,65000000,84785914.00  
8452,82000000,96085477.00  
310,80000000,484572835.00 
27578,80000000,274470394.00 
954,80000000,457696359.00 
70160,75000000,691210692.00 
45243,80000000,254455986.00 
364,80000000,280000000.00 
7518,80000000,343397247.00 
11544,80000000,145771527.00 
9986,85000000,144000000.00 
8656,75000000,140464664.00 
9291,82000000,190320568.00 
55301,75000000,342695435.00 
109418,80000000,246984278.00 
11665,80000000,230685453.00 
6964,80000000,266728738.00 
11324,80000000,294804195.00 
12193,80000000,163733697.00 
9928,75000000,260696994.00 
754,80000000,245676146.00 
10202,80000000,212874442.00 
4147,80000000,181001478.00 
50546,80000000,214918407.00 
1701,75000000,224012234.00 
13027,80000000,178066569.00 
2289,79000000,173013509.00 
20504,80000000,157107755.00 
9574,80000000,177977226.00 
11618,80000000,91188905.00  
2300,80000000,250200000.00 
10200,80000000,233093859.00 
8834,75000000,136982834.00 
228150,68000000,211817906.00 
6068,70000000,164000000.00 
41515,80000000,201584141.00 
9023,80000000,122563539.00 
38317,80000000,169852759.00 
2157,80000000,136159423.00 
14462,80000000,96105964.00  
159824,80000000,473226958.00 
49948,80000000,90874570.00  
2135,80000000,123729176.00 
9705,102000000,147080413.00 
1656,75000000,142400065.00 
12159,85000000,71485043.00  
4442,88000000,105316267.00 
75,70000000,101371017.00 
19959,80000000,122444772.00 
11973,80000000,34566746.00  
11228,80000000,159212469.00 
77951,80000000,126546518.00 
5491,44000000,21400000.00  
10715,80000000,68514844.00  
10197,80000000,53825515.00  
9562,80000000,19480739.00  
9922,80000000,17626234.00  
9447,90000000,69131860.00  
274854,90000000,146936910.00 
8870,80000000,33463969.00  
9992,86000000,107944236.00 
10077,80000000,5989640.00   
76649,130000000,117831631.00 
453,60000000,313542341.00 
8587,45000000,788241776.00 
72545,79000000,355692760.00 
109451,78000000,248384621.00 
9533,78000000,209196298.00 
2023,100000000,108103450.00 
71880,79000000,149673788.00 
584,76000000,236350661.00 
309809,64000000,97571250.00  
4858,80000000,15071514.00  
17711,76000000,35134820.00  
328111,75000000,875958308.00 
8698,78000000,179265204.00 
93456,76000000,970761885.00 
602,75000000,816969268.00 
330,73000000,229074524.00 
953,75000000,532680671.00 
9693,76000000,69959751.00  
36657,75000000,296339527.00 
8909,75000000,258270008.00 
9802,75000000,335062621.00 
950,80000000,660940780.00 
1824,75000000,196482882.00 
2976,50000000,90450008.00  
11026,80000000,78000586.00  
75656,75000000,117698894.00 
38365,80000000,271430189.00 
594,60000000,219417255.00 
15189,35000000,73034460.00  
11678,75000000,215663859.00 
6538,75000000,119000410.00 
10555,75000000,367275019.00 
1125,70000000,154937680.00 
4551,53000000,95226116.00  
612,70000000,130358911.00 
9567,70000000,85632458.00  
37821,75000000,98159963.00  
203801,75000000,108145109.00 
2539,80000000,55041367.00  
9297,75000000,140175006.00 
3172,75000000,67631903.00  
6520,55000000,127600435.00 
37958,75000000,226904017.00 
2026,52000000,77944725.00  
7450,75000000,36754634.00  
11375,75000000,51142659.00  
9425,75000000,14567883.00  
23685,75000000,5409517.00   
11866,45000000,21009180.00  
9741,75000000,248118121.00 
211672,74000000,1156730962.00
23629,82000000,89792502.00  
8688,73000000,103891409.00 
10153,75000000,13100000.00  
153518,73000000,349779543.00 
8676,70000000,111231041.00 
20829,75000000,61458982.00  
4349,70000000,86658558.00  
9718,72500000,162966177.00 
10808,70000000,176104344.00 
197,72000000,210000000.00 
25,72000000,96889998.00  
35,75000000,527068851.00 
11086,72000000,37317558.00  
10477,94000000,54744738.00  
1997,74500000,62172050.00  
6947,60000000,256697520.00 
3050,71000000,294456605.00 
2675,72000000,408247917.00 
809,150000000,919838758.00 
920,120000000,461983149.00 
4806,70000000,309457509.00 
7451,70000000,277448382.00 
228165,74000000,311594032.00 
3595,80000000,309492681.00 
16869,70000000,319131050.00 
879,70000000,300854823.00 
1573,70000000,240031094.00 
9257,80000000,116643346.00 
1903,68000000,203388341.00 
9697,75000000,42285169.00  
395,70000000,171183863.00 
23398,75000000,443140005.00 
10590,75000000,114660784.00 
117263,70000000,161025640.00 
200,70000000,118000000.00 
44943,70000000,202466756.00 
587,70000000,122919055.00 
57212,66000000,177584879.00 
152760,70000000,154984035.00 
2756,70000000,90000098.00  
33909,70000000,134748021.00 
49017,70000000,215529201.00 
9882,70000000,116672912.00 
2270,70000000,135560026.00 
978,70000000,131457682.00 
44564,70000000,67112664.00  
3132,70000000,65977295.00  
8814,60000000,55987321.00  
8427,70000000,33561137.00  
52520,70000000,160112671.00 
80585,75000000,59418613.00  
10592,70000000,32287044.00  
49021,66000000,57777106.00  
10550,70000000,19924033.00  
11258,70000000,19870567.00  
12610,75000000,13596911.00  
59981,70000000,18662027.00  
201088,70000000,17752940.00  
5137,70000000,57958696.00  
3093,70000000,38629478.00  
107846,50000000,122915111.00 
188207,70000000,61279452.00  
4614,68000000,193000000.00 
24021,68000000,698491347.00 
11371,68000000,71069884.00  
20352,69000000,543513985.00 
11517,60000000,35431113.00  
214756,68000000,217022588.00 
26428,70000000,39041505.00  
9824,68000000,29762011.00  
48988,36000000,83160734.00  
9008,90000000,60289912.00  
300673,80000000,52099090.00  
12113,70000000,113280098.00 
38778,69000000,86387857.00  
72331,69000000,112265139.00 
1844,66000000,212404396.00 
846,66000000,189198313.00 
9703,67000000,25303038.00  
857,70000000,481840909.00 
136797,66000000,203277636.00 
3981,70000000,374111707.00 
425,59000000,383257136.00 
6171,68000000,75715436.00  
72976,65000000,275293450.00 
603,63000000,463517383.00 
568,52000000,355237933.00 
9021,65000000,172855065.00 
82695,61000000,441809770.00 
9489,65000000,250821495.00 
12133,65000000,128107642.00 
9342,95000000,250288523.00 
41733,65000000,211780824.00 
227306,65000000,163442937.00 
5551,65000000,128884132.00 
9350,70000000,255000211.00 
9208,50000000,150270147.00 
4244,65000000,69700000.00  
1852,63000000,162945894.00 
76493,65000000,179379533.00 
345,65000000,162091208.00 
196867,65000000,133821816.00 
256591,50100000,153962963.00 
59962,65000000,156974557.00 
36648,65000000,128905366.00 
1880,4200000,38376497.00  
71679,65000000,240159255.00 
10483,45000000,73762516.00  
11412,65000000,89456761.00  
6795,65000000,64321501.00  
550,63000000,100853753.00 
11170,65000000,43545364.00  
9292,65000000,17218080.00  
100241,65000000,71154592.00  
257,50000000,42093706.00  
9947,43000000,56681566.00  
189,65000000,39407616.00  
12618,64000000,74608570.00  
253412,55000000,203427584.00 
1427,50000000,132180323.00 
818,63000000,296655431.00 
16577,65000000,44091067.00  
329,63000000,920100000.00 
12160,63000000,25052000.00  
9331,62000000,215887717.00 
300168,65000000,121545703.00 
9072,64000000,101595121.00 
3536,62000000,127666415.00 
9087,62000000,107879496.00 
12177,62000000,41819064.00  
12138,62000000,18720175.00  
273248,44000000,155760117.00 
50359,63000000,183953723.00 
1271,65000000,422610419.00 
693,80000000,516642939.00 
14306,60000000,244082376.00 
497,60000000,284600000.00 
9982,150000000,314432665.00 
210577,61000000,369330363.00 
2501,60000000,214034224.00 
710,58000000,352194034.00 
2275,60000000,149705852.00 
37165,60000000,264118201.00 
9837,70000000,218613188.00 
10708,60000000,164433867.00 
136400,61000000,131940411.00 
10992,60000000,93375151.00  
9654,60000000,176070171.00 
2642,60000000,93354918.00  
8916,60000000,171757863.00 
19899,70000000,171844840.00 
2119,60000000,157920733.00 
9641,60000000,129181830.00 
294254,61000000,311256926.00 
38167,60000000,204594016.00 
39514,58000000,71664962.00  
9563,55000000,100230832.00 
547,60000000,186883563.00 
1538,65000000,217764291.00 
9334,60000000,165333180.00 
11128,60000000,74541707.00  
75780,60000000,218340595.00 
8914,60000000,73648228.00  
39538,60000000,137551594.00 
14836,60000000,124596398.00 
8645,60000000,163403799.00 
9509,70000000,130293714.00 
10067,50000000,61112916.00  
9384,60000000,170268750.00 
9279,60000000,129832389.00 
1487,66000000,99318987.00  
9422,70000000,56702901.00  
77174,60000000,107139399.00 
4824,60000000,159330280.00 
9620,60000000,96269812.00  
10199,60000000,50877145.00  
3512,60000000,104324083.00 
137094,60000000,50549107.00  
274479,60000000,101134059.00 
267860,60000000,205754447.00 
8078,70000000,162000000.00 
7485,61000000,95696996.00  
170687,60000000,108255770.00 
6435,75000000,46683377.00  
137106,60000000,469160692.00 
6278,60000000,43061982.00  
82682,60000000,105200903.00 
17610,60000000,62357900.00  
22954,60000000,122233971.00 
16995,60000000,87784194.00  
16558,78146652,60000000.00  
9849,65000000,36850101.00  
5820,60000000,77920346.00  
16866,70000000,104945765.00 
201,60000000,67312826.00  
11775,60000000,119940815.00 
12201,80000000,74901339.00  
11015,60000000,33956608.00  
9932,60000000,55003135.00  
13389,60000000,73174566.00  
17332,60000000,31720158.00  
4958,80000000,39459427.00  
786,60000000,47383689.00  
11679,60000000,71073932.00  
38321,60000000,78309131.00  
14411,60000000,26288320.00  
8413,60000000,26673242.00  
10052,60000000,52322400.00  
9676,50000000,49111202.00  
9664,60000000,17800000.00  
2100,72000000,27642707.00  
10384,90000000,14828081.00  
137321,60000000,30800231.00  
123553,60000000,90565421.00  
11260,60000000,50650079.00  
9009,30000000,25473093.00  
2309,60000000,57490374.00  
8285,60000000,39031337.00  
210860,60000000,30418560.00  
381902,68490000,193677158.00 
13922,80000000,10166502.00  
293660,58000000,783112979.00 
190859,58800000,542307423.00 
257445,58000000,158162788.00 
9007,58000000,102854431.00 
889,83000000,59468275.00  
1370,63000000,189015611.00 
4942,58000000,41299492.00  
24438,58000000,85280250.00  
116741,58000000,44000000.00  
35791,60000000,300228084.00 
72431,58000000,50365377.00  
1813,57000000,152944660.00 
87428,70000000,58058367.00  
8840,57000000,115267375.00 
10589,60000000,61347797.00  
71676,57000000,149217355.00 
1722,57000000,62112895.00  
10022,56000000,113006880.00 
11358,56000000,57223890.00  
13,55000000,677945399.00 
6477,60000000,361366633.00 
1597,55000000,330444045.00 
10530,55000000,346079773.00 
1924,55000000,300218018.00 
9327,54000000,128769345.00 
8488,70000000,368100420.00 
8273,55000000,231449203.00 
109424,55000000,95000000.00  
35056,55000000,152263880.00 
8839,50000000,287928194.00 
156022,55000000,192330738.00 
7303,55000000,154906693.00 
8963,53000000,157387195.00 
1402,55000000,307077295.00 
9315,55000000,223387299.00 
8984,55000000,214015089.00 
795,55000000,198685114.00 
24,30000000,180949000.00 
393,30000000,152159461.00 
9618,55000000,63408614.00  
9374,55000000,149022650.00 
8584,55000000,56932305.00  
2320,55000000,121969216.00 
58224,55000000,187361754.00 
1729,55000000,127906624.00 
175574,55000000,110000000.00 
8077,50000000,159773545.00 
8818,55000000,141047179.00 
8195,55000000,41610884.00  
10586,50000000,75000000.00  
116149,55000000,259207227.00 
80035,68000000,68267862.00  
10632,55000000,34234008.00  
1792,55000000,33828318.00  
72197,60000000,118338361.00 
3580,55000000,113020255.00 
12123,50000000,60209334.00  
9566,55000000,18626419.00  
9833,70000000,154648887.00 
4517,55000000,74237563.00  
8202,62000000,52304001.00  
16072,56000000,12923936.00  
34314,55000000,11466088.00  
145220,50000000,80383290.00  
14623,57000000,28283637.00  
42297,55000000,89519773.00  
802,2000000,9250000.00   
10375,55000000,6416302.00   
36586,54000000,155010032.00 
11321,55000000,168167691.00 
70074,55000000,9489829.00   
242,54000000,136766062.00 
9621,57000000,52034889.00  
1819,54000000,130431368.00 
8536,54000000,190458706.00 
8046,54000000,7266209.00   
1717,55000000,9450897.00   
479,46000000,107196498.00 
9444,53000000,139804348.00 
824,52500000,179213434.00 
11456,75000000,54249294.00  
261023,53000000,98837872.00  
3683,90000000,65900249.00  
22803,53000000,126690726.00 
285923,67000000,25037897.00  
640,52000000,352114312.00 
97630,40000000,132820716.00 
9767,52000000,204999686.00 
11631,52000000,609841637.00 
32856,52000000,216485654.00 
6519,50000000,110803676.00 
8741,52000000,98126565.00  
49520,52000000,75450437.00  
1850,82000000,47434430.00  
524,52000000,116112375.00 
26389,52000000,52826594.00  
2123,51000000,149270999.00 
9907,51000000,72779000.00  
18239,50000000,709827462.00 
808,60000000,484409218.00 
38050,50200000,127869379.00 
8367,48000000,390493908.00 
9390,50000000,273552592.00 
72105,50000000,549368315.00 
2898,50000000,314178011.00 
10312,50000000,202292902.00 
109443,50000000,173649015.00 
2022,50000000,171269535.00 
37686,50000000,260095987.00 
462,52000000,256271286.00 
9919,50000000,177371441.00 
187017,50000000,188441614.00 
628,60000000,223664608.00 
10201,70000000,225990978.00 
302699,50000000,216972543.00 
274167,50000000,242786137.00 
224141,50000000,212902372.00 
388,45000000,184376254.00 
2112,90000000,161626121.00 
10329,50000000,152022101.00 
74465,50000000,120081841.00 
13811,50000000,155446362.00 
6877,50000000,88715192.00  
10320,50000000,161451538.00 
50646,50000000,142851197.00 
8920,50000000,200804534.00 
60308,50000000,110206216.00 
6950,50000000,189859560.00 
225574,50000000,222809600.00 
13836,50000000,106303988.00 
752,54000000,132511035.00 
6038,50000000,88323487.00  
9975,50000000,69834815.00  
11451,50000000,66002004.00  
12103,50000000,100020092.00 
60304,50000000,224803475.00 
2251,50000000,119137784.00 
46529,50000000,144492830.00 
231,50000000,94000000.00  
300671,50000000,69411370.00  
228326,50000000,97437106.00  
9754,45000000,82800000.00  
66,50000000,50068310.00  
4421,50000000,48169156.00  
2649,50000000,109423648.00 
588,50000000,97607453.00  
71552,50000000,234989584.00 
9631,50000000,44547681.00  
216282,50000000,160602194.00 
306,50000000,119208989.00 
928,50000000,41482207.00  
205587,50000000,83719388.00  
1577,45000000,129394835.00 
9801,50000000,40203020.00  
2116,50000000,55495563.00  
9624,50000000,49000000.00  
14199,50000000,69425966.00  
1907,40000000,144056873.00 
4599,50000000,49718611.00  
22832,40000000,60462347.00  
9879,50000000,113309743.00 
38579,50000000,83761844.00  
44603,50000000,105197635.00 
11892,50000000,56714147.00  
9691,50000000,30303072.00  
1248,50000000,82169884.00  
12220,50000000,58900031.00  
72710,44000000,63327201.00  
10782,50000000,42792561.00  
9573,50000000,26199517.00  
4959,50000000,60161391.00  
10061,50000000,42277365.00  
10386,70000000,23159305.00  
421,50000000,34808403.00  
316152,50000000,25035950.00  
11615,50000000,38955598.00  
241554,50000000,71561644.00  
2252,51500000,55112356.00  
11968,50000000,44434439.00  
10047,60000000,66976317.00  
38319,49900000,26121638.00  
69668,50000000,38502340.00  
9770,50000000,10541523.00  
11212,50000000,16671505.00  
10533,50000000,10382407.00  
38363,22000000,24188922.00  
9923,50000000,22944502.00  
11863,50000000,9851610.00   
18501,50000000,40828540.00  
109491,60000000,60052138.00  
329833,50000000,55969000.00  
12634,50000000,6808550.00   
47327,50000000,28931401.00  
15268,50000000,12764201.00  
10796,49000000,72700000.00  
9548,49000000,20423389.00  
18947,50000000,36348784.00  
1900,48000000,207515725.00 
89,48000000,474171806.00 
198184,49000000,104399548.00 
9481,73000000,151493655.00 
4547,48000000,196397415.00 
6415,75000000,108000000.00 
181283,50000000,3324330.00   
9896,48000000,85498534.00  
167,48000000,50315140.00  
1636,48000000,90383208.00  
2148,58000000,25928721.00  
5176,55000000,70016220.00  
260346,48000000,325771424.00 
1389,48000000,77745568.00  
9894,47000000,102825796.00 
8592,47000000,103738726.00 
913,48000000,124305181.00 
11091,48000000,35743308.00  
1368,15000000,125212904.00 
5393,47000000,38085778.00  
9095,47000000,12379402.00  
8874,38000000,299288605.00 
320,46000000,113714830.00 
199,46000000,150000000.00 
20533,47000000,10539000.00  
10684,46000000,100860818.00 
1624,45000000,181000000.00 
325789,25000000,15436808.00  
113464,46000000,5200000.00   
888,46000000,341631208.00 
82675,45000000,376141306.00 
4256,48000000,220673217.00 
1493,45000000,212000000.00 
88751,45000000,101702060.00 
11130,40000000,95149435.00  
9944,45000000,195268056.00 
10731,45000000,117615211.00 
7350,45000000,175372502.00 
9869,45000000,178051587.00 
4379,43000000,154749918.00 
146233,46000000,122126687.00 
2034,45000000,104876233.00 
926,45000000,90683916.00  
4248,45000000,141220678.00 
64328,45000000,165184237.00 
36647,45000000,131183530.00 
7214,30000000,76669806.00  
1537,45000000,94935764.00  
9360,45000000,136885767.00 
6282,45000000,113916474.00 
508,40000000,244931766.00 
9487,120000000,363258859.00 
768,35000000,74558115.00  
2636,45000000,170362582.00 
10478,45000000,53854588.00  
9981,45000000,56070433.00  
7453,50000000,104478416.00 
7737,45000000,148412065.00 
232672,40000000,123494610.00 
17379,45000000,38399961.00  
82525,45000000,82966152.00  
9759,25000000,56422687.00  
9486,40000000,160583018.00 
9906,50000000,55181129.00  
841,40000000,30925690.00  
4148,35000000,75225693.00  
2207,55000000,65664721.00  
9381,70000000,72108608.00  
20856,45000000,57881056.00  
5955,35000000,29400000.00  
9899,45000000,38058335.00  
9826,45000000,17300889.00  
10858,44000000,13681765.00  
11439,45000000,60222298.00  
9457,45000000,11203026.00  
12412,45000000,9323833.00   
13184,45000000,42487390.00  
2185,40000000,8493890.00   
6639,45000000,4607608.00   
38153,45000000,2154540.00   
58233,45000000,160078586.00 
116977,65000000,73706.00     
68734,44500000,232324128.00 
5503,44000000,368875760.00 
27573,40000000,136000000.00 
819,44000000,165615285.00 
1369,44000000,300400432.00 
10895,2600000,84300000.00  
10935,44000000,3484331.00   
834,50000000,111340801.00 
228066,40000000,34227298.00  
711,43000000,80049764.00  
10027,45000000,50871113.00  
11812,43000000,68696770.00  
37233,42000000,270248367.00 
37950,44000000,48190704.00  
27582,40000000,51070807.00  
64688,42000000,201585328.00 
509,42000000,363889678.00 
7443,45000000,224834564.00 
5966,42000000,171963386.00 
11066,40000000,70100000.00  
136795,43000000,158674180.00 
8095,31115000,71000000.00  
11560,42000000,63781810.00  
2637,32000000,55157539.00  
709,32000000,156167015.00 
49730,42000000,89162162.00  
2749,60000000,56359980.00  
9607,48000000,20915465.00  
1830,42000000,24127895.00  
79,31000000,177394432.00 
54054,40000000,36893721.00  
228967,44000000,12342632.00  
46528,42000000,11087569.00  
27936,33000000,14000000.00  
65,41000000,215000000.00 
9476,65000000,117487473.00 
745,40000000,672806292.00 
49527,42000000,46221189.00  
73937,41000000,7448385.00   
1885,8000000,90815558.00  
168672,40000000,251171807.00 
18240,40000000,317375031.00 
10398,70000000,177841558.00 
165,40000000,332000000.00 
240832,40000000,126546825.00 
216015,40000000,571006128.00 
12279,38000000,197011982.00 
1645,40000000,152266007.00 
11007,40000000,190212113.00 
193756,40000000,149295601.00 
11287,40000000,107458785.00 
259693,40000000,320170008.00 
37799,40000000,224920315.00 
10184,40000000,177259441.00 
4257,45000000,178262620.00 
4234,40000000,161834276.00 
196,40000000,244527583.00 
257091,40000000,111811453.00 
6114,40000000,215862692.00 
24803,40000000,129540499.00 
109410,40000000,95020213.00  
1213,40000000,128798265.00 
100042,40000000,169837010.00 
9036,40000000,120455994.00 
257211,35000000,194564672.00 
323675,40000000,124827316.00 
9361,40000000,75505856.00  
1677,40000000,124731534.00 
187,40000000,158733820.00 
7461,40000000,151161491.00 
16538,41000000,91636986.00  
9889,40000000,141069860.00 
820,40000000,205405498.00 
11565,40000000,138259062.00 
6073,57000000,147845033.00 
16996,20000000,136267476.00 
193610,40000000,196781193.00 
19912,40000000,186167139.00 
296098,40000000,165478348.00 
8007,40000000,91753202.00  
32823,40000000,90029656.00  
4380,50000000,170128460.00 
11551,40000000,54682547.00  
10336,40000000,87840042.00  
11362,35000000,75395048.00  
50348,40000000,85412898.00  
48138,30000000,130786397.00 
1124,40000000,109676311.00 
227159,42000000,107670357.00 
68179,40000000,74597643.00  
1579,40000000,120175290.00 
708,40000000,191185897.00 
34851,40000000,126248813.00 
1586,40000000,92913171.00  
2044,40000000,114830111.00 
9913,43000000,91974818.00  
10761,40000000,84601681.00  
209451,40000000,67347013.00  
11975,40000000,45916769.00  
4970,40000000,141591324.00 
11831,36000000,74000000.00  
440,40000000,41797066.00  
11172,40000000,145896422.00 
39513,40000000,97552050.00  
82687,40000000,41863726.00  
41446,40000000,97138686.00  
8224,40000000,96618699.00  
10537,38000000,34416893.00  
225886,40000000,126069509.00 
10385,40000000,36037909.00  
55779,47000000,157887643.00 
10647,40000000,55707411.00  
11431,30000000,50451307.00  
8850,25000000,48063435.00  
64685,40000000,55247881.00  
38357,40000000,58785180.00  
10060,40000000,46442528.00  
11398,40000000,30199105.00  
1833,40000000,31670620.00  
8970,75000000,29000000.00  
9306,40000000,49627779.00  
11370,40000000,27053815.00  
1921,40000000,65754228.00  
1683,40000000,62771059.00  
203,500000,3000000.00   
11858,40000000,24332324.00  
62835,40000000,60965854.00  
18937,40000000,38172500.00  
13536,40000000,22433915.00  
10718,40000000,46546197.00  
10802,45000000,20350754.00  
1887,40000000,60474340.00  
10461,63600000,19412993.00  
80278,42000000,180274123.00 
12704,55000000,14375181.00  
10315,40000000,46471023.00  
16643,40000000,16872671.00  
2687,40000000,14358033.00  
194,10000000,173921954.00 
8849,60000000,13395939.00  
78698,40000000,24719215.00  
30943,38000000,28121100.00  
9544,40000000,18902015.00  
24418,40000000,28169671.00  
7288,40000000,19322135.00  
10366,45000000,10667893.00  
19898,33000000,20645327.00  
15074,40000000,10959475.00  
1272,50000000,32017803.00  
72358,40000000,22044277.00  
266396,40000000,13644292.00  
9978,40000000,23937870.00  
8271,20000000,117760134.00 
10428,20000000,7563728.00   
110415,39200000,86758912.00  
9495,15000000,94000000.00  
256040,40000000,100000000.00 
24420,39000000,101229792.00 
62214,39000000,35287788.00  
16320,39000000,38869464.00  
8842,39000000,6614280.00   
9531,39000000,75850624.00  
64807,40000000,44907260.00  
12289,80341000,127814609.00 
11529,30000000,180622424.00 
20943,38000000,205298907.00 
9488,38000000,119723358.00 
193,38000000,120000000.00 
44865,3860000,64076736.00  
55787,38000000,114156230.00 
10400,50000000,73956241.00  
1957,38000000,51801187.00  
256961,38000000,107597242.00 
5852,53000000,29700000.00  
622,38000000,58401898.00  
11306,38000000,17380126.00  
12508,57000000,16991902.00  
25793,10000000,47536959.00  
10534,38000000,10300000.00  
1091,15000000,19629760.00  
87421,38000000,98337295.00  
10871,37000000,6482195.00   
13600,55000000,17869048.00  
68722,32000000,28258060.00  
14324,38000000,5410749.00   
14325,40000000,9793496.00   
299687,38000000,109906372.00 
312221,37000000,173567581.00 
23168,37000000,154026136.00 
76494,40000000,79700000.00  
4944,37000000,163720069.00 
10488,37000000,100076342.00 
96721,38000000,90247624.00  
334,37000000,48451803.00  
23742,30000000,55583804.00  
259694,38000000,112343513.00 
62837,37000000,95404397.00  
8966,37000000,392616625.00 
8470,36000000,102244770.00 
11001,65000000,117758500.00 
138832,37000000,269994119.00 
16911,36500000,21834845.00  
2163,36000000,50159144.00  
36670,36000000,160000000.00 
23048,36000000,64572262.00  
227735,36000000,52424533.00  
2155,42000000,32168970.00  
8409,36000000,44350926.00  
222936,37000000,26250020.00  
48171,37000000,96047633.00  
782,36000000,12532777.00  
75531,36000000,3003296.00   
11802,37000000,63800345.00  
18785,35000000,459270619.00 
365222,36000000,156844753.00 
817,33000000,310940086.00 
268,35000000,411348924.00 
943,35000000,321731527.00 
22881,29000000,309208309.00 
10054,35000000,147934180.00 
51540,35000000,117000000.00 
44264,38000000,252276927.00 
350,35000000,326551094.00 
152,35000000,139000000.00 
109431,35000000,173965010.00 
1598,35000000,182300000.00 
8065,35000000,69823199.00  
271718,35000000,140795793.00 
11638,35000000,68915888.00  
409,27000000,231976425.00 
2118,35000000,126216940.00 
11459,35000000,86369815.00  
9348,35000000,113374103.00 
377,1800000,25504513.00  
8843,33000000,104155843.00 
39486,35000000,60251371.00  
1273,34000000,95608995.00  
13920,32000000,52277485.00  
50544,35000000,150483765.00 
325133,35000000,108758521.00 
140823,35000000,112544580.00 
1883,34000000,48169908.00  
89492,35000000,88058786.00  
22949,35000000,92219310.00  
12437,35000000,91353501.00  
2959,35000000,69307224.00  
11648,30000000,58405313.00  
9366,35000000,41954997.00  
1576,33000000,102984862.00 
609,10700000,122200000.00 
13051,35000000,85416905.00  
49530,40000000,173930596.00 
34806,35000000,77477008.00  
49022,35000000,59901913.00  
23479,35000000,35323292.00  
11667,35000000,99423521.00  
423,35000000,120072577.00 
10066,40000000,68766121.00  
2288,27000000,115505027.00 
88794,35000000,84606030.00  
13515,35000000,72436439.00  
11979,35000000,45479110.00  
169,35000000,57120318.00  
8090,35000000,32483410.00  
11622,35000000,40263020.00  
3604,35000000,27107960.00  
9541,35000000,36098382.00  
94348,45000000,30353232.00  
8197,35000000,25105255.00  
336004,8900000,4100000.00   
35019,35000000,93246388.00  
8836,30000000,68369434.00  
14442,31000000,27388767.00  
321741,35000000,50363790.00  
59965,35000000,82087155.00  
14175,35000000,19478106.00  
11918,35000000,25871834.00  
98357,56000000,19701164.00  
10012,35000000,19294901.00  
49526,35000000,31083599.00  
268920,35000000,51680201.00  
9093,35000000,29882645.00  
119283,35000000,46216641.00  
11823,31000000,41512007.00  
35169,35000000,39340177.00  
849,27000000,16519460.00  
4515,35000000,63215872.00  
6575,35000000,18317151.00  
13496,35000000,13678913.00  
18320,35000000,27409889.00  
22787,40000000,12206028.00  
8967,32000000,54674226.00  
144336,35000000,17508518.00  
9616,35000000,11560806.00  
13056,20500000,10089373.00  
14113,35000000,12506188.00  
285783,35000000,61181942.00  
9726,35000000,42064105.00  
20763,35000000,4651977.00   
9280,35000000,16838910.00  
11876,35000000,15000000.00  
22267,38000000,635096.00    
1969,35000000,10496317.00  
198663,34000000,348319861.00 
239573,35000000,14431253.00  
10436,34000000,32255440.00  
1381,35000000,15304890.00  
2162,70000000,11263966.00  
127493,35000000,2106557.00   
12429,41677699,187479518.00 
228205,34000000,63013281.00  
2900,75000000,19598588.00  
192136,35000000,27330000.00  
18254,32000000,40382659.00  
881,40000000,243240178.00 
10877,50000000,79958599.00  
9600,30000000,173959438.00 
71469,30000000,64626786.00  
85446,33000000,140470746.00 
326,33000000,62022014.00  
7220,33000000,54700105.00  
9763,30000000,27610873.00  
72387,30000000,40346186.00  
1892,32350000,572700000.00 
13460,30000000,22211426.00  
8055,32000000,113019290.00 
50647,35000000,24159934.00  
10719,32000000,173398518.00 
9294,32000000,152036382.00 
9353,32000000,80197993.00  
55721,32500000,288383523.00 
109414,32000000,126041322.00 
10307,29000000,50041732.00  
11978,32000000,48814909.00  
22907,32000000,69055695.00  
87567,35000000,21819348.00  
38322,32000000,83615414.00  
45612,32000000,147332697.00 
7305,32000000,36733909.00  
3594,30000000,77566815.00  
157841,33000000,9494789.00   
11519,35000000,31755742.00  
59,32000000,60740827.00  
9335,32000000,85167639.00  
12106,32000000,18552460.00  
11141,28000000,30016165.00  
31867,32000000,18409891.00  
10253,70000000,53587404.00  
124459,30000000,27437881.00  
24662,32000000,3566637.00   
182,32000000,5914908.00   
28,31500000,89460381.00  
38073,32000000,42045846.00  
302156,31500000,14708696.00  
606,31000000,128499205.00 
87502,31000000,161772375.00 
698,34000000,210308099.00 
120467,30000000,174600318.00 
11313,31000000,24185781.00  
6488,31000000,53208180.00  
10559,31000000,68106245.00  
296099,31000000,104384188.00 
8012,30250000,115101622.00 
1574,45000000,306776732.00 
9032,34200000,234801895.00 
2770,30000000,287553595.00 
862,30000000,373554033.00 
1637,30000000,350448145.00 
72570,30000000,196114570.00 
27569,31000000,15134293.00  
10637,30000000,136706683.00 
1669,30000000,199200000.00 
132363,25000000,115922175.00 
9472,20000000,167722310.00 
2907,30000000,191502426.00 
9273,30000000,212385533.00 
9880,37000000,165335153.00 
2925,26000000,116400000.00 
807,33000000,327311859.00 
17654,30000000,210819611.00 
11836,30000000,140161792.00 
322,25000000,156822020.00 
70,30000000,216763646.00 
9535,80000000,176885658.00 
11036,29000000,115603229.00 
6557,30000000,160259319.00 
18126,35000000,155545279.00 
16340,30,103.00       
10333,30000000,74787599.00  
4476,30000000,160638883.00 
22947,25000000,163670000.00 
2755,30000000,105834556.00 
82654,35000000,116980662.00 
59967,30000000,47042000.00  
9598,30000000,254134910.00 
82696,30000000,114281051.00 
9870,30000000,105173115.00 
8292,45000000,92374674.00  
8780,30000000,63833449.00  
10521,30000000,114663461.00 
10762,19000000,69631118.00  
10096,37000000,96455697.00  
59436,30000000,151119219.00 
4133,53000000,83282296.00  
10207,80000000,118880016.00 
172,30000000,70200000.00  
36593,30000000,51132598.00  
707,30000000,152427960.00 
533,30000000,192452832.00 
6023,30000000,156835339.00 
6439,30000000,93772522.00  
4347,30000000,129266061.00 
4105,30000000,45892212.00  
76489,30000000,54819301.00  
3933,40000000,117195061.00 
273481,30000000,84025816.00  
307081,30000000,91709827.00  
16871,30000000,90810892.00  
293863,25000000,65663276.00  
41233,30000000,159291809.00 
9266,25000000,51842679.00  
1262,30000000,53653224.00  
4513,30000000,75505973.00  
22970,30000000,66486080.00  
7278,30000000,84646831.00  
9013,30000000,38413606.00  
865,27000000,38122105.00  
10776,25000000,38748395.00  
50456,30000000,63782078.00  
9823,30000000,51376861.00  
59861,30000000,36160375.00  
133805,30000000,82394288.00  
12763,30000000,34742066.00  
9766,30000000,41480851.00  
12244,30000000,48428063.00  
109421,30000000,63372757.00  
51162,30000000,14460000.00  
10152,19000000,39267515.00  
9452,30000000,29202884.00  
9271,30000000,24048000.00  
48340,30000000,108609310.00 
14846,35000000,22034832.00  
72207,30000000,53909751.00  
16232,30000000,21800302.00  
43539,30000000,51148651.00  
9920,30000000,31070211.00  
8978,30000000,35294470.00  
11702,30000000,19204929.00  
18550,25000000,17193231.00  
43347,30000000,102820008.00 
3489,30000000,16930884.00  
9701,35000000,25224242.00  
2122,40000000,26155781.00  
10658,37000000,37962774.00  
13150,30000000,31148328.00  
9042,30000000,15007991.00  
17813,30000000,15368897.00  
11208,30000000,13001257.00  
58151,17000000,24922237.00  
11400,30000000,30536013.00  
11058,25000000,30114487.00  
14844,23000000,12.00        
57089,30000000,13521829.00  
1947,30000000,18618284.00  
8054,30000000,64352607.00  
46829,30000000,8454301.00   
146238,30000000,62616646.00  
9989,30000000,18195610.00  
9665,18000000,26828365.00  
13967,30000000,35078241.00  
9053,21000000,480314.00    
4512,30000000,14711793.00  
76349,30000000,108348.00    
45610,30000000,2527904.00   
223702,19000000,140752617.00 
254470,29000000,287506194.00 
69,28000000,186438883.00 
4967,30000000,37036004.00  
4912,30000000,33013805.00  
12771,29000000,16930185.00  
323676,29000000,78636257.00  
11249,12000000,24829644.00  
9667,29000000,21126225.00  
812,28000000,504050219.00 
277216,28000000,201634991.00 
87,28000000,333000000.00 
14444,30000000,100491683.00 
2043,60000000,105178561.00 
315664,29000000,48902953.00  
1428,29000000,98185582.00  
562,28000000,140767956.00 
15373,28000000,92380927.00  
318846,28000000,133346506.00 
14292,28000000,64445708.00  
924,28000000,102356381.00 
2018,35000000,94728529.00  
192577,30000000,17137302.00  
9428,21000000,71441250.00  
2832,30000000,90259536.00  
137093,28000000,134402450.00 
699,28000000,195312802.00 
9778,28000000,77516304.00  
8831,27000000,101646581.00 
9398,28000000,60780981.00  
112949,28000000,97594140.00  
10439,28000000,39514713.00  
3638,28000000,92601050.00  
23483,28000000,96188903.00  
62206,28000000,40547440.00  
10577,28000000,33000337.00  
218778,28000000,100654149.00 
4348,28000000,121147947.00 
78,28000000,33139618.00  
11780,28000000,31596911.00  
192102,28000000,52597999.00  
2001,21000000,54926886.00  
11516,35866397,20217080.00  
10025,28000000,38159905.00  
15198,28000000,8888143.00   
23172,28000000,45236543.00  
17834,28000000,8345056.00   
10016,28000000,14010832.00  
10317,28000000,7002261.00   
58431,28000000,16374328.00  
9746,28000000,5684789.00   
13092,27000000,17286299.00  
59859,28000000,60700000.00  
13495,24000000,23321954.00  
254473,28000000,68896829.00  
700,27500000,187500000.00 
4964,30000000,219076518.00 
10024,30000000,95714875.00  
13490,35000000,43650785.00  
15927,8000000,27187653.00  
1259,15000000,49469904.00  
5125,27500000,24748670.00  
174,27000000,96900000.00  
9437,27000000,60527873.00  
525,27000000,115229890.00 
10188,27000000,44352417.00  
245,27000000,129000000.00 
9825,27000000,56870414.00  
186,27000000,56308881.00  
9549,27000000,21500000.00  
61891,30000000,15395087.00  
34584,27000000,20158808.00  
2666,27000000,27200316.00  
13155,25000000,11137801.00  
42807,27000000,76000000.00  
28355,27000000,29000000.00  
8080,27000000,13000000.00  
56288,27000000,85564310.00  
303858,27000000,93282604.00  
1613,28,14.00        
16617,27000000,21148829.00  
8944,25000000,6673422.00   
14560,26000000,183293131.00 
10330,26000000,110230332.00 
6957,26000000,109449237.00 
1934,25000000,289317794.00 
169917,28000000,53181600.00  
951,15000000,201957688.00 
10189,27000000,101624843.00 
9454,26000000,65705772.00  
2055,22000000,68296293.00  
1551,26000000,61489265.00  
5902,22000000,50750000.00  
11460,26000000,57891803.00  
9358,26000000,90426405.00  
134,26000000,71868327.00  
22894,26000000,67918658.00  
134374,25000000,86175291.00  
15028,26000000,38793283.00  
7445,26000000,43318349.00  
17047,26000000,28818995.00  
62838,56000000,142044638.00 
2057,42000000,35402320.00  
70436,26000000,29657751.00  
16784,30000000,14000000.00  
8011,26000000,36800000.00  
36355,25530000,20080020.00  
238615,26000000,30523226.00  
1985,25000000,82466670.00  
615,30000000,611899420.00 
788,25000000,441286195.00 
380,25000000,412800000.00 
13223,33000000,269958228.00 
10523,25100000,29506464.00  
8681,25000000,226830568.00 
239571,26000000,35926213.00  
619,25000000,411006740.00 
424,22000000,321365567.00 
50014,25000000,124272124.00 
162903,28000000,8555008.00   
6466,30000000,114908830.00 
12589,25000000,80936232.00  
7191,25000000,170764026.00 
1497,25000000,78000000.00  
117,25000000,76270454.00  
6977,25000000,171600000.00 
168530,25000000,153997819.00 
634,25000000,281929795.00 
392,25000000,152500343.00 
10327,45000000,124914842.00 
88042,25000000,119772232.00 
41630,25000000,147780440.00 
11969,25000000,56505065.00  
2085,25000000,91036760.00  
794,2800000,60922980.00  
9286,25000000,117719158.00 
77877,25000000,99357138.00  
1265,60000000,137587063.00 
866,25000000,116766556.00 
75174,25000000,77278331.00  
11096,25000000,122644820.00 
8699,26000000,90574188.00  
769,25000000,46836394.00  
10923,28000000,58795814.00  
11283,25000000,122489822.00 
111,25000000,65884703.00  
746,23000000,43984230.00  
77866,25000000,63100000.00  
7345,25000000,77208711.00  
12277,25000000,41604473.00  
9779,25000000,39053061.00  
2140,25000000,64437847.00  
12620,25000000,70442940.00  
14177,25000000,36351350.00  
198185,25000000,38307627.00  
227156,25000000,66980456.00  
11351,17000000,63102666.00  
10030,25000000,59192128.00  
10623,25000000,56489558.00  
590,25000000,41597830.00  
9655,20000000,33889159.00  
1268,25000000,229736344.00 
11237,20000000,70992898.00  
190955,25500000,2415472.00   
5123,25000000,66122026.00  
4518,30000000,82150642.00  
11932,25000000,50671850.00  
11165,25485000,29548291.00  
6116,25000000,100000000.00 
57431,25000000,34942188.00  
278,25000000,28341469.00  
9290,21150000,39438674.00  
11543,27000000,25023434.00  
284536,25000000,39171130.00  
152737,25000000,74188937.00  
13374,25000000,27645491.00  
8976,30000000,42886719.00  
319888,23000000,46152800.00  
9469,25000000,21567853.00  
1909,25000000,22200000.00  
22971,25000000,114977104.00 
34813,25000000,23580000.00  
46261,25000000,36993168.00  
10431,25000000,40452643.00  
8051,25000000,17000000.00  
9352,25000000,20796847.00  
15487,25000000,15431177.00  
22825,30000000,33333531.00  
1831,25000000,24362772.00  
43931,25000000,19829957.00  
10591,25000000,30411183.00  
10861,25000000,51702483.00  
276907,25000000,42972994.00  
65055,28000000,10126458.00  
10397,25,13.00        
200505,25000000,28831145.00  
60309,25000000,15478800.00  
9787,25000000,13411957.00  
293646,25000000,24902723.00  
6978,25000000,11000000.00  
59440,25000000,23057115.00  
1770,28000000,16900000.00  
8988,25000000,11207130.00  
15992,25000000,10719357.00  
17707,25000000,13000000.00  
77883,14000000,85446075.00  
40001,25000000,10070000.00  
64639,25000000,10324441.00  
9903,25000000,11772461.00  
20766,32000000,27635305.00  
24264,25000000,5778353.00   
9067,25000000,4064495.00   
8338,25000000,19844979.00  
168705,25000000,2405420.00   
72113,25000000,27603069.00  
22256,25000000,777423.00    
12404,25000000,2336172.00   
152742,13500000,19255873.00  
11699,25000000,10589102.00  
48034,25000000,48531470.00  
36696,25000000,6500000.00   
109091,25000000,71009334.00  
33157,25000000,3052000.00   
859,14000000,34670720.00  
83770,25000000,8784318.00   
168,24000000,133000000.00 
1246,24000000,155721132.00 
4233,24000000,172363301.00 
174751,25000000,1397284.00   
184098,24000000,70181428.00  
2069,41300000,106371651.00 
1788,8200000,80035402.00  
11635,24000000,87055349.00  
177,24000000,41895491.00  
3600,65000000,40002112.00  
2621,24000000,36609995.00  
10358,24000000,42105111.00  
10313,24000000,68729358.00  
13476,17000000,16980098.00  
10208,24000000,16290976.00  
24961,24000000,21049053.00  
20697,24000000,12372410.00  
20761,24000000,8434146.00   
70868,24000000,30551495.00  
43593,24000000,83188165.00  
40688,24000000,4562146.00   
26672,28000000,669276.00    
41283,24000000,23081726.00  
4935,24000000,234710455.00 
19908,23600000,102391382.00 
10663,23000000,185991646.00 
1891,18000000,538400000.00 
9737,19000000,141407024.00 
37137,23000000,86930411.00  
9532,23000000,53302314.00  
10316,12500000,75993061.00  
2787,23000000,53187659.00  
152601,23000000,47351251.00  
10866,23000000,36642838.00  
227707,25000000,6399.00      
21349,23000000,18653615.00  
70435,23000000,33372606.00  
580,23000000,51881013.00  
20024,23000000,10827816.00  
2453,23000000,7434726.00   
6973,23000000,29541790.00  
22215,23000000,9366227.00   
11632,23000000,16123851.00  
30596,23000000,5837674.00   
3021,25000000,94679598.00  
957,22700000,38119483.00  
256917,22500000,15520023.00  
251,22000000,505000000.00 
544,23000000,369884651.00 
11395,22000000,189833357.00 
14635,20000000,75597042.00  
13680,22000000,147880543.00 
688,24000000,182016617.00 
11090,22000000,84772742.00  
783,22000000,77737889.00  
228194,22000000,88880821.00  
1642,22000000,110627965.00 
10950,22000000,92542418.00  
235260,22000000,67800064.00  
277,22000000,95708457.00  
8999,22000000,57479076.00  
11323,22000000,35424826.00  
11453,22000000,22400154.00  
146239,26000000,51164106.00  
10878,22000000,19351569.00  
82650,22000000,77112176.00  
2294,22000000,33788161.00  
2176,30000000,23619609.00  
270487,22000000,63647656.00  
204082,22000000,43058898.00  
24100,22000000,13555988.00  
5550,22000000,10696210.00  
287948,25000000,72629670.00  
9075,21000000,26193068.00  
11661,22000000,17709155.00  
109513,2000000,14400000.00  
204922,22000000,15447154.00  
38985,22000000,12000000.00  
44113,22000000,9479718.00   
164457,22000000,15400000.00  
4566,25000000,92991835.00  
153158,22000000,24000000.00  
81836,17000000,73244881.00  
10724,18000000,70687344.00  
2196,9000000,46.00        
1499,21000000,42000000.00  
20857,32000000,40222729.00  
82693,21000000,205738714.00 
1646,21000000,41170784.00  
4108,21000000,43928932.00  
8456,20000000,41627431.00  
7341,21000000,17762705.00  
19255,17000000,14899417.00  
10187,21000000,17600000.00  
31005,21000000,10011050.00  
50780,21000000,970816.00    
16363,35000000,69701637.00  
1946,15000000,2856712.00   
85,18000000,389925971.00 
772,18000000,358991681.00 
840,20000000,303788635.00 
9682,38000000,29907685.00  
96,20000000,299965036.00 
10678,20000000,132675402.00 
274,19000000,272742922.00 
8872,20000000,121697323.00 
16290,20000000,117224271.00 
579,20000000,187884007.00 
14405,20000000,149281606.00 
138843,13000000,318000141.00 
11637,32000000,97918663.00  
226486,20000000,100525432.00 
1584,35000000,131282949.00 
9312,18000000,122195920.00 
12153,37000000,113086475.00 
65057,20000000,177243185.00 
76203,20000000,187000000.00 
13497,20000000,57588485.00  
35688,20000000,60072596.00  
162,20000000,53000000.00  
296096,20000000,207945075.00 
1051,1800000,41158757.00  
376659,20000000,183936074.00 
10073,20000000,48548426.00  
16690,20000000,109862682.00 
273895,20000000,66787908.00  
14873,20000000,135680000.00 
8968,20000000,67192859.00  
9963,20000000,84146832.00  
15655,30000000,45554533.00  
21208,20000000,41596251.00  
272878,20000000,43967255.00  
9760,20000000,86865564.00  
314365,20000000,88346473.00  
13279,20000000,27640028.00  
1975,20000000,39143839.00  
33644,20000000,37672350.00  
9895,20000000,41237648.00  
9570,20000000,35841901.00  
27579,20000000,65464324.00  
16052,20000000,60000000.00  
40264,20000000,80547866.00  
1164,25000000,135330182.00 
239678,19800000,41296320.00  
14359,20000000,50907234.00  
3989,32000000,50907422.00  
76617,20000000,47241945.00  
4258,20000000,78378744.00  
20391,20000000,31678778.00  
10139,20000000,54586584.00  
335778,20000000,46069568.00  
9645,35000000,68349884.00  
55465,19000000,35387212.00  
617,20000000,67200000.00  
48289,20000000,45636368.00  
243,30000000,47126295.00  
8848,20000000,64822796.00  
38,20000000,72258126.00  
38303,20000000,32005248.00  
1266,20000000,65569869.00  
107985,20000000,46089287.00  
19901,20000000,51416464.00  
34016,20000000,49779728.00  
59860,20000000,17425000.00  
10069,9000000,27105095.00  
12819,20000000,39300000.00  
9954,20000000,37597471.00  
25132,40000000,28972508.00  
577,20000000,21284514.00  
328387,20000000,83707310.00  
12690,20000000,20211394.00  
539,806948,32000000.00  
13596,20000000,36620508.00  
226857,20000000,34077920.00  
47941,20000000,2297493.00   
526,20000000,18432000.00  
22796,20000000,18253415.00  
2355,20000000,22222308.00  
5915,15000000,56255142.00  
9842,20000000,17807569.00  
61012,20000000,52302796.00  
755,19000000,25836616.00  
9470,20000000,100914445.00 
7979,20000000,73276047.00  
470,20000000,60427839.00  
15644,20000000,16605763.00  
9582,20000000,17432163.00  
22074,20000000,17436509.00  
2428,20000000,15473333.00  
290751,19500000,34854990.00  
13805,25000000,14109284.00  
4597,20000000,22942221.00  
9414,20000000,13801755.00  
63492,20000000,30426096.00  
81796,20000000,32204030.00  
15092,20000000,34560577.00  
15005,20000000,13391174.00  
8198,30000000,27674124.00  
6963,20000000,12482775.00  
15070,20000000,12398628.00  
17134,20000000,17280326.00  
41402,20000000,24145613.00  
146198,20000000,12639297.00  
2639,20000000,10686841.00  
295964,20000000,36606743.00  
11835,20000000,16974459.00  
14396,20000000,10337477.00  
15673,20000000,11341016.00  
42618,8000000,20000000.00  
171274,20000000,11110975.00  
109417,20000000,16549477.00  
13948,20000000,7000000.00   
106747,12000000,15008161.00  
256962,20000000,6420319.00   
48231,15000000,27462041.00  
3509,8700000,7659918.00   
12142,20000000,10442808.00  
23367,20000000,5210988.00   
241239,20000000,12007070.00  
3902,20000000,4001121.00   
77948,20000000,16863583.00  
21755,20000000,5530764.00   
128,26500000,159375308.00 
16608,2000000,5048693.00   
32316,20000000,1675706.00   
7299,20000000,5359645.00   
13405,40000000,7400000.00   
314385,10000000,3727746.00   
10448,20000000,305070.00    
43935,20000000,4634062.00   
44638,20000000,346594.00    
199373,27220000,5496951.00   
581,22000000,424208848.00 
52449,20000000,216197492.00 
12150,19000000,110879513.00 
11247,19000000,70067909.00  
4232,14000000,173046663.00 
694,19000000,44017374.00  
105,19000000,381109762.00 
11377,19000000,40846082.00  
41210,19000000,49830607.00  
12090,18000000,101564935.00 
62630,19100000,5728213.00   
29427,20000000,54956140.00  
129,15000000,274925095.00 
2669,25000000,8613462.00   
13523,19000000,18755936.00  
25195,19000000,29922472.00  
17277,19000000,4750000.00   
50725,19000000,6928068.00   
73191,19000000,2119994.00   
10065,19000000,108047131.00 
2757,19000000,32801173.00  
11683,15000000,46770602.00  
1878,18500000,10680275.00  
23082,18500000,31912793.00  
195589,18000000,268157400.00 
854,23000000,351583407.00 
2280,18000000,151668774.00 
496,18000000,261572744.00 
8835,18000000,141774679.00 
157,18000000,87000000.00  
8643,19000000,144216468.00 
10402,17000000,65535067.00  
218043,16000000,19682924.00  
21301,18000000,65070412.00  
10147,23000000,76488889.00  
816,16500000,67683989.00  
302688,18000000,88923251.00  
60307,21000000,72417394.00  
106,18000000,98235548.00  
279,18000000,51973029.00  
10625,17000000,129042871.00 
5279,19800000,87754044.00  
10013,18000000,41382841.00  
194662,18000000,103215094.00 
160588,18000000,99206215.00  
9829,15000000,76286096.00  
10028,18000000,62646763.00  
790,1000000,21378361.00  
43959,18000000,47088990.00  
10364,18000000,24911670.00  
9610,18000000,100000000.00 
1578,18000000,23000000.00  
25643,18000000,36133014.00  
44115,18000000,35692920.00  
10560,18000000,17200925.00  
333348,17000000,24000000.00  
20483,18000000,16702864.00  
321697,30000000,34441873.00  
38665,18000000,2945600.00   
2575,21000000,28008462.00  
11644,18000000,12000000.00  
146227,18000000,10501938.00  
68924,18000000,8038061.00   
253235,18000000,25312387.00  
10068,17000000,6735922.00   
848,18000000,14110013.00  
522,18000000,5887457.00   
130150,18000000,20275812.00  
12246,18000000,26527510.00  
13809,18000000,25739015.00  
33870,25000000,20719451.00  
245703,18000000,6212282.00   
127560,18000000,22309223.00  
10017,2700000,3500000.00   
11468,18000000,676698.00    
193613,18000000,7972967.00   
17436,18000000,382174.00    
43434,18000000,871279.00    
8408,3500000,34000000.00  
9389,18000000,1831348.00   
9626,17900000,6948633.00   
75638,14000000,13551174.00  
8363,20000000,121463226.00 
8328,23000000,150816700.00 
10982,15000000,51053787.00  
205,17500000,38000000.00  
1620,24000000,99965753.00  
175541,17500000,7018189.00   
241254,18000000,266586800.00 
679,18500000,183316455.00 
11113,17000000,72070731.00  
3597,17000000,125586134.00 
193893,17000000,136621271.00 
9675,16000000,109502303.00 
9988,17500000,19179969.00  
948,300000,70000000.00  
146304,17000000,71625195.00  
7516,17000000,57103895.00  
41439,20000000,136150434.00 
9429,17000000,30331165.00  
38117,17000000,43165571.00  
9792,15000000,69623713.00  
13960,20000000,21170563.00  
114150,17000000,115350426.00 
26602,34000000,19693891.00  
26390,17000000,29536299.00  
27759,17000000,10000000.00  
109428,17000000,97542952.00  
23049,17000000,20455276.00  
9310,17000000,7314027.00   
11411,17000000,19300000.00  
7304,17000000,9500000.00   
1491,40000000,86915017.00  
2989,17000000,2000000.00   
10629,17000000,1569918.00   
255343,17000000,3758328.00   
4723,17000000,374743.00    
25763,17000000,8720000.00   
79694,17000000,9627492.00   
18615,16800000,2281089.00   
10673,15000000,43848069.00  
4584,16500000,135000000.00 
2977,16500000,37311672.00  
10760,16500000,13620075.00  
11093,16500000,16942795.00  
207,16400000,235860116.00 
8467,16000000,247275374.00 
639,16000000,92823546.00  
24226,16000000,53977250.00  
9285,16000000,119754278.00 
74643,15000000,133432856.00 
13788,16000000,76514050.00  
83666,16000000,68263166.00  
318850,18500000,6490401.00   
1417,19000000,83258226.00  
16161,16000000,29381649.00  
49950,16000000,40492759.00  
10956,17700000,30987695.00  
9594,15000000,30102717.00  
4638,12000000,80573774.00  
13972,16000000,50007546.00  
5038,15000000,96408652.00  
10571,16000000,20627372.00  
19994,16000000,31556061.00  
25166,16000000,15427192.00  
12120,20000000,13854000.00  
9800,26000000,206678440.00 
1090,16000000,18564088.00  
18475,16000000,12.00        
9781,6500000,4217115.00   
8009,16000000,5900000.00   
3877,16000000,2849142.00   
8854,16000000,1686429.00   
152599,16000000,5867686.00   
68727,20000000,24261569.00  
12657,16000000,14822346.00  
8265,11000000,53191886.00  
34647,13000000,754249.00    
28178,16000000,47801389.00  
264656,16000000,3442853.00   
18777,15500000,1237615.00   
90,15000000,316360478.00 
771,18000000,476684675.00 
9576,21000000,177200000.00 
744,15000000,356830601.00 
146,17000000,213525736.00 
14,15000000,356296601.00 
45269,15000000,414211549.00 
9493,15000000,216614388.00 
22556,15000000,317000.00    
873,15000000,146292009.00 
33196,16000000,11301649.00  
205596,14000000,233555708.00 
16769,15000000,67182787.00  
33217,15000000,75700498.00  
132232,15000000,146497771.00 
11153,15000000,61399552.00  
208134,15000000,151831537.00 
1165,15000000,123384128.00 
4011,15000000,73326666.00  
17202,15000000,55184721.00  
65086,17000000,127730736.00 
10053,15000000,66966987.00  
11870,15000000,52970014.00  
11778,15000000,50000000.00  
586,15000000,64256513.00  
18736,17000000,55534455.00  
134411,35000000,42930462.00  
287903,15000000,61548707.00  
9276,15000000,40283321.00  
2142,15000000,44862187.00  
11397,16000000,66468332.00  
77016,7000000,48126384.00  
11478,15000000,35007180.00  
266856,15000000,123726688.00 
10564,15000000,33771174.00  
947,15000000,69995385.00  
24150,15000000,39421467.00  
228970,15000000,52501541.00  
18405,15000000,32721635.00  
6961,15000000,47175038.00  
11442,13000000,37664855.00  
2493,16000000,30857814.00  
14047,15000000,30226144.00  
64690,15000000,78054825.00  
11132,15000000,29331068.00  
17127,15000000,46905889.00  
1562,15000000,64238440.00  
232679,15000000,30127963.00  
17880,14000000,32645546.00  
14736,20000000,27728118.00  
23706,15000000,40105542.00  
9100,15000000,24769466.00  
116,15000000,85306374.00  
1245,11500000,23237911.00  
4995,15000000,43101594.00  
14012,15000000,21000000.00  
12212,14000000,38574362.00  
8975,20000000,22165608.00  
342521,15000000,20566327.00  
45272,15000000,20529194.00  
9424,15000000,17507368.00  
97367,15000000,35485608.00  
254904,15000000,32556119.00  
12162,15000000,42000000.00  
11495,15000000,17080167.00  
64689,15000000,37930465.00  
157849,15000000,31554855.00  
37003,15000000,22730842.00  
12211,25000000,15843608.00  
51828,15000000,59389433.00  
22798,15000000,16633035.00  
7501,15000000,12000000.00  
97430,15000000,15608545.00  
12257,15000000,10443316.00  
14024,15000000,14867514.00  
115,15000000,46189568.00  
7874,15000000,10903846.00  
4911,15000000,9237470.00   
1988,16000000,18928871.00  
16222,15000000,9902115.00   
9557,20000000,8586376.00   
8321,15000000,34533783.00  
10186,15000000,8762890.00   
25704,15000000,6405245.00   
133694,15000000,8138788.00   
19265,15000000,35097815.00  
36047,15000000,5217498.00   
8053,15000000,12036149.00  
5236,15000000,15785148.00  
6552,25000000,4152230.00   
1018,15000000,20117339.00  
42188,15000000,9455232.00   
6687,15000000,5926410.00   
8461,15000000,7938872.00   
19,92620000,650422.00    
10045,12000000,9584131.00   
400,8000000,529766.00    
253450,15000000,632542.00    
16353,8500000,8936663.00   
23759,12000000,6814789.00   
24206,15000000,76382.00     
10185,15000000,3533227.00   
31668,15000000,23000.00     
13501,15000000,20380.00     
172391,20000000,27187375.00  
137,14600000,70906973.00  
264999,14800000,122513057.00 
454,14500000,147298761.00 
53457,10000000,17511906.00  
33,14000000,159157447.00 
1951,14200000,674918.00    
12405,15000000,377910544.00 
10998,14000000,320145693.00 
114,14000000,463000000.00 
2604,14000000,161001698.00 
864,14000000,154864401.00 
14435,15000000,100734718.00 
1931,13000000,75511123.00  
691,14000000,185438673.00 
9877,14000000,72527595.00  
12227,14000000,34793160.00  
71688,13000000,114956699.00 
8291,14000000,27515786.00  
13950,14000000,25482931.00  
12158,14000000,19800000.00  
11586,14000000,30749142.00  
12403,14000000,22852638.00  
34563,14000000,21409028.00  
10368,12000000,21001563.00  
14434,11000000,13196245.00  
11470,11000000,16951798.00  
24940,14000000,10424470.00  
82679,14000000,11417362.00  
2013,14000000,19777647.00  
1440,26000000,14821658.00  
18041,14000000,5108820.00   
87729,14000000,2474000.00   
44754,14000000,46495.00     
43949,14000000,1755212.00   
142,14000000,178043761.00 
10712,13500000,29027914.00  
243938,14000000,12314651.00  
10876,13500000,7060876.00   
86838,15000000,19422261.00  
613,18339750,92180910.00  
1913,12806000,38535221.00  
97370,13300000,5380251.00   
801,13000000,123922370.00 
70829,13400000,16700000.00  
54518,13000000,98441954.00  
44214,13000000,327803731.00 
240,13000000,47542841.00  
9816,13000000,91038276.00  
10131,7000000,72500000.00  
339984,16000000,77000000.00  
8859,13000000,73180723.00  
11967,13000000,44726644.00  
239563,13000000,54837234.00  
222899,12500000,49002684.00  
4951,16000000,53478166.00  
332567,17000000,119100758.00 
1954,13000000,96060858.00  
22345,12000000,36450736.00  
9448,13000000,27007143.00  
11186,13000000,35763605.00  
136835,13200000,53830415.00  
5876,18000000,57096190.00  
264660,15000000,36869414.00  
492,13000000,22863596.00  
238603,13000000,45300000.00  
10691,13000000,16929123.00  
1251,19000000,68673228.00  
5172,13000000,11130889.00  
58680,13000000,8026971.00   
264644,6000000,35401758.00  
11592,13000000,7820688.00   
16406,13000000,27500000.00  
3682,13000000,16757163.00  
107811,13000000,48065672.00  
2266,13000000,4857367.00   
144340,13000000,18000000.00  
28211,15000000,8459458.00   
47502,13000000,9789900.00   
9950,13000000,2636637.00   
84892,13000000,33400000.00  
24227,3000000,1200000.00   
9672,13000000,1151330.00   
157544,13000000,1784763.00   
59678,14350531,3964682.00   
79777,10000000,303877.00    
158011,13000000,68572378.00  
8952,13000000,10652035.00  
62204,12000000,55260558.00  
13435,12500000,23367586.00  
319,12500000,12281551.00  
9504,12500000,10725228.00  
26688,12500000,27206120.00  
6615,12000000,11293663.00  
14574,12500000,20416563.00  
16,12800000,40031879.00  
21612,12500000,1227324.00   
36691,15000000,5024782.00   
23631,20000000,31327899.00  
45324,12500000,1083683.00   
12144,12300000,84460846.00  
56601,12500000,3878993.00   
9552,8000000,441306145.00 
578,7000000,470654000.00 
2105,11000000,235483004.00 
126319,12516654,8109160.00   
10136,25000000,79817939.00  
67660,12000000,96070507.00  
10611,12000000,75781642.00  
154,12000000,96800000.00  
3049,15000000,107217396.00 
860,12000000,79567667.00  
9281,12000000,68706993.00  
75674,12000000,81272766.00  
9762,12000000,114194847.00 
184,12000000,39673162.00  
13335,12000000,43493123.00  
76726,15000000,145000000.00 
10269,12000000,30400000.00  
36819,5000000,42365581.00  
17130,12000000,61141030.00  
57214,12000000,100000000.00 
11202,12000000,89800000.00  
9357,12000000,52223306.00  
13812,12000000,40855419.00  
9030,12000000,56309766.00  
19084,12000000,31179516.00  
8386,12000000,31155435.00  
1360,12000000,56298474.00  
101267,12000000,32726956.00  
222935,12000000,307166834.00 
10220,12000000,22921898.00  
31915,12000000,54000000.00  
11601,12000000,21133087.00  
205220,12000000,100129872.00 
14191,12000000,23006849.00  
286565,12000000,85512300.00  
129670,12000000,17654912.00  
34549,12000000,17292381.00  
57157,12000000,22939027.00  
1948,12000000,42931041.00  
46889,12000000,12902790.00  
387,14000000,85000000.00  
60599,12000000,35485056.00  
227719,12000000,32248241.00  
12088,8000000,6739141.00   
14799,12000000,5542025.00   
7510,12000000,6754898.00   
31246,12000000,4922166.00   
61752,12000000,4939939.00   
10944,12000000,23.00        
10362,12000000,3148182.00   
1255,11000000,88489643.00  
179144,12400000,8371085.00   
86825,12000000,12077441.00  
844,12000000,19271312.00  
38448,12000000,1644755.00   
327,12000000,15250000.00  
21345,12000000,10652498.00  
173931,19000000,2570000.00   
61984,12000000,11212294.00  
50601,20000000,17479.00     
236751,12000000,101332962.00 
107,10000000,83557872.00  
8913,11500000,57469467.00  
927,11000000,153083102.00 
11,11000000,775398007.00 
291870,11500000,94073028.00  
907,11000000,111858363.00 
45317,25000000,93617009.00  
12094,11000000,72778712.00  
10377,11000000,64088552.00  
249164,11000000,78874843.00  
9942,11000000,49797148.00  
1817,13000000,97837138.00  
10229,11000000,41227069.00  
687,11000000,39363635.00  
796,10500000,75902208.00  
22804,11000000,68233629.00  
10156,11000000,31672907.00  
12837,11000000,38105395.00  
17708,11000000,23978402.00  
13937,12000000,37170057.00  
28932,11,11.00        
31909,12000000,4884663.00   
167073,11000000,62076141.00  
3175,11000000,20000000.00  
14369,24000000,14782676.00  
16888,24000000,13700000.00  
121826,11000000,59520298.00  
10646,11000000,23430766.00  
12149,11000000,13110448.00  
304357,11000000,61619773.00  
20009,14000000,6413915.00   
1587,11000000,30000000.00  
30973,10000000,4069090.00   
63020,11000000,2832826.00   
86829,11000000,32935319.00  
13888,11000000,2807854.00   
42345,11000000,2200000.00   
11917,10800000,113857533.00 
14395,7400000,17000000.00  
24137,14000000,18535191.00  
62,10500000,68700000.00  
601,10500000,792910554.00 
13067,10000000,17500000.00  
88641,10500000,123509.00    
96399,12000000,9622846.00   
489,10000000,225933435.00 
214,10000000,163876815.00 
10890,10000000,85300000.00  
1588,28000000,90449929.00  
316727,10000000,118587880.00 
10314,10000000,103166989.00 
663,10000000,139352633.00 
11804,10000000,91196419.00  
16781,6000000,57231524.00  
11873,13800000,52293982.00  
9289,10000000,50100000.00  
10414,10000000,50752337.00  
1970,10000000,183474602.00 
9614,12000000,41205099.00  
8922,10000000,59217789.00  
1648,10000000,40485039.00  
17917,10000000,37402877.00  
74534,10000000,136836156.00 
19405,10000000,44460850.00  
9355,12305523,36230219.00  
10999,10000000,57500000.00  
321258,10000000,64188367.00  
44040,10000000,33583175.00  
10426,20000000,33526835.00  
280092,10000000,104303851.00 
13938,10000000,25754284.00  
10163,10000000,32101000.00  
12182,9000000,32973937.00  
1832,10000000,30652890.00  
15301,10000000,29450919.00  
10135,15000000,30050028.00  
26352,10000000,29392418.00  
20616,8500000,34411240.00  
9794,12000000,38368909.00  
15037,10000000,25605015.00  
227,10000000,33697647.00  
294272,65000000,143695338.00 
11336,10000000,20766616.00  
283445,10000000,52882018.00  
88036,14000000,24637469.00  
22824,10000000,42333295.00  
11545,9000000,17096053.00  
42684,10000000,66821036.00  
268238,10000000,85978266.00  
41823,10000000,16153593.00  
9362,11000000,48572000.00  
9902,12600000,28650575.00  
14729,10000000,15795189.00  
9455,25000000,15156200.00  
103731,10000000,21587700.00  
10090,10000000,20342161.00  
75900,6400000,35057696.00  
9515,10000000,17297244.00  
328425,5000000,58978653.00  
1542,10000000,12827813.00  
10490,10000000,10571408.00  
87093,10000000,28883511.00  
10029,30000000,9898412.00   
11507,10000000,8801940.00   
37931,10000000,6110000.00   
87818,6000000,32438988.00  
88005,10000000,9636289.00   
73,20000000,23875127.00  
14283,18000000,9495408.00   
209403,9500000,7800000.00   
7942,10000000,33000000.00  
73247,10000000,2154696.00   
253331,9000000,21571189.00  
9952,10000000,7177143.00   
256924,10000000,10835752.00  
82532,10000000,4417580.00   
2088,11500000,3275585.00   
10388,10000000,3193102.00   
1640,6500000,98410061.00  
25520,10000000,5164404.00   
329440,10000000,40055439.00  
47890,14000000,439564.00    
252512,10000000,7587485.00   
55720,10000000,1759252.00   
29076,10000000,1631839.00   
68812,20000000,1969193.00   
73567,10000000,3665069.00   
41479,10000000,7022728.00   
1989,10000000,21786738.00  
12779,10000000,598645.00    
13191,5000000,1296184.00   
101173,7700000,1072602.00   
20178,10000000,295750.00    
78149,10000000,45779.00     
245846,10000000,17472.00     
25186,10000000,9069.00      
217708,10,11.00        
78383,10,10000000.00  
16614,9500000,17164377.00  
9700,9600000,4386236.00   
10471,11000000,59827328.00  
667,9500000,111584787.00 
86837,8900000,19839492.00  
10306,10500000,14144000.00  
11576,9400000,60000000.00  
219,12899867,85582407.00  
62215,7400000,21817298.00  
348,11000000,104931801.00 
30497,85000,30859000.00  
27586,10000000,2995811.00   
14811,9000000,83304330.00  
660,5500000,141195658.00 
40794,7000000,8220215.00   
9400,9000000,41590886.00  
16162,9000000,34573780.00  
10585,9000000,44196684.00  
2359,9000000,24538513.00  
238636,9000000,108782847.00 
11282,9000000,23936908.00  
14181,26000000,28780255.00  
1621,40600000,90400000.00  
9656,9000000,21510851.00  
1619,8500000,19125401.00  
9685,9000000,4777465.00   
14425,9000000,4350774.00   
15568,9000000,2955039.00   
67675,9000000,18663238.00  
250349,6000000,14348529.00  
39806,9000000,771499.00    
15699,5000000,140666.00    
17926,9000000,1046166.00   
9671,5000000,328203506.00 
13483,86000000,14373825.00  
1547,8500000,32222567.00  
25196,7000000,39462438.00  
16323,9250000,29174648.00  
175528,8500000,22456509.00  
8069,9000000,2500000.00   
16727,12000000,20138836.00  
272693,8500000,43528634.00  
10696,22000000,5271666.00   
29963,8500000,4440055.00   
26022,12000000,42345360.00  
152747,9000000,6108720.00   
62676,8000000,1997807.00   
1116,6500000,22889018.00  
185008,7700000,46000000.00  
11620,8250000,30000000.00  
680,8000000,213928762.00 
242582,8500000,38697217.00  
11217,8500000,5001655.00   
15121,8200000,286214286.00 
2619,8000000,69821334.00  
773,8000000,100523181.00 
235,8000000,52287414.00  
170,5000000,82719885.00  
10734,8000000,43000000.00  
37964,8000000,27362712.00  
40807,8000000,39187783.00  
225565,8000000,26049082.00  
668,6500000,81974493.00  
11596,14000000,18090181.00  
14429,8000000,22593409.00  
13751,8000000,18948425.00  
9490,8000000,17460020.00  
14536,8000000,29010817.00  
1359,7000000,34266564.00  
9962,8000000,16856124.00  
15049,8000000,12671300.00  
22821,8000000,10629321.00  
37735,8000000,74952305.00  
10873,8000000,8279017.00   
51588,8000000,10130000.00  
291270,8000000,5659286.00   
44009,8000000,18124262.00  
13154,8000000,2275557.00   
43923,8000000,6491240.00   
26306,8000000,589304.00    
198277,8000000,63464861.00  
7870,8000000,852872.00    
13072,8000000,458232.00    
10288,8000000,426224.00    
44147,8000000,3453043.00   
13197,8000000,143451.00    
251321,8000000,53086.00     
149,8000000,553171.00    
10425,22000000,413454.00    
49081,8000000,2019009.00   
302,7800000,22441323.00  
403,7500000,145793296.00 
33542,7500000,32392047.00  
9388,6500000,24793509.00  
1691,10200000,35619521.00  
24684,7500000,26096852.00  
2610,10284523,11588205.00  
11022,6500000,12633747.00  
34341,7500000,4245870.00   
36046,7500000,3347647.00   
12569,8000000,10848783.00  
73873,8000000,5634828.00   
7735,7500000,19000000.00  
301365,7000000,1333124.00   
25941,7300000,10329747.00  
7326,7500000,231411584.00 
681,7200000,116019547.00 
238,6000000,245066411.00 
535,4000000,92921203.00  
19913,7500000,60722734.00  
713,7000000,116700000.00 
77930,7000000,167221571.00 
253,7000000,161777836.00 
57119,6600000,37710610.00  
3291,7000000,54600000.00  
398,7000000,49084830.00  
8068,7000000,25405445.00  
10803,9000000,25000000.00  
682,7000000,97572000.00  
10117,7000000,20256975.00  
79316,7000000,36433975.00  
2074,7000000,14702438.00  
308639,700000,17986781.00  
22314,7000000,14011454.00  
2662,7000000,16829545.00  
12573,7000000,31430334.00  
241771,7000000,14618727.00  
11051,7000000,8373585.00   
14578,7000000,7292175.00   
13006,7,5.00         
16651,7000000,4720371.00   
4251,7000000,29385320.00  
14112,7000000,2062066.00   
71859,7000000,6038942.00   
33676,7000000,1246141.00   
30128,7000000,1429299.00   
44835,7000000,382946.00    
306745,7000000,573335.00    
47088,7000000,453079.00    
110402,7000000,1310673.00   
27004,7000000,46488.00     
8374,6000000,30471.00     
164372,7000000,12400000.00  
13001,7000000,8900000.00   
9571,6900000,7993039.00   
82505,6900000,44287131.00  
46738,6800000,7103838.00   
250546,6500000,255273813.00 
38415,7,7.00         
650,6500000,57504069.00  
16620,6500000,54215416.00  
11033,6500000,31899000.00  
9430,6500000,28451622.00  
8998,6500000,13368437.00  
10514,6500000,12376563.00  
76025,6500000,17693675.00  
4836,6500000,11850214.00  
14631,6500000,2025032.00   
87499,6500000,2401510.00   
18923,6500000,1548955.00   
28089,6500000,1521261.00   
218,6400000,78371200.00  
338,4800000,79384880.00  
10925,4000000,14237000.00  
2293,6000000,2122561.00   
621,6000000,181813770.00 
792,6000000,138530565.00 
1777,6000000,119114517.00 
642,6000000,102308889.00 
433,6000000,102272727.00 
1725,6000000,43656822.00  
11977,6000000,39846344.00  
16158,6000000,25059640.00  
629,6000000,23341568.00  
10160,8000000,22168359.00  
11452,5000000,38275483.00  
12163,6000000,44703995.00  
32275,6000000,20400000.00  
1103,6000000,50244700.00  
14144,6000000,18197398.00  
10622,12716953,18814720.00  
13370,6000000,18750246.00  
10215,6000000,58000000.00  
25066,6000000,12000000.00  
1523,6000000,48027970.00  
11361,5000000,11642254.00  
92591,5000000,9206470.00   
57612,6000000,7518876.00   
15256,6000000,6852450.00   
83686,6000000,13231461.00  
28053,6000000,6670712.00   
67913,6000000,19560274.00  
13991,7000000,6230276.00   
1443,6000000,10409377.00  
231576,5500000,5483299.00   
16172,6000000,4398989.00   
15797,6000000,3283371.00   
13537,6000000,2944752.00   
20794,6000000,2025238.00   
576,6244087,638641.00    
13990,6000000,2899975.00   
27549,6000000,869325.00    
59728,6000000,399611.00    
58882,134005,1332231.00   
13827,6000000,69497.00     
97614,12000000,66351.00     
837,5952000,2120439.00   
1555,5300000,3897799.00   
244783,6000000,32251.00     
16564,4000000,530048.00    
3482,5800000,6800000.00   
8982,6000000,27165581.00  
455,3500159,76578641.00  
14351,5800000,7000000.00   
10664,5600000,18469680.00  
9277,5500000,159616327.00 
9443,5500000,58972904.00  
11901,5500000,15700000.00  
33155,5500000,4865000.00   
321,4361898,3031801.00   
4997,5000000,2466444.00   
925,6500000,37295445.00  
7913,2200000,11502151.00  
230266,5500000,5000000.00   
215,4000000,152925093.00 
333371,15000000,108286421.00 
9012,5000000,64282312.00  
345911,4900000,44107032.00  
72571,5000000,205703818.00 
242512,5000000,103590271.00 
10072,5000000,44793222.00  
211954,5500000,99067206.00  
82990,5000000,142817992.00 
29912,4100000,36000000.00  
11843,5000000,41833347.00  
11284,11000000,34872033.00  
504,8000000,60378584.00  
173,5000000,28200000.00  
227348,5000000,86362372.00  
1955,5000000,26010864.00  
152532,5000000,55198285.00  
243940,3300000,64110728.00  
77,9000000,39723096.00  
157547,5000000,44030246.00  
2295,5000000,26888376.00  
71,5000000,110000000.00 
147773,4600000,23198652.00  
24266,3500000,20659423.00  
59968,10000000,17273593.00  
323677,5000000,24804129.00  
256274,5000000,40100000.00  
284293,5000000,43884652.00  
24973,5000000,15000000.00  
21610,5000000,19905359.00  
10283,5000000,14000000.00  
8346,5000000,368744044.00 
122081,5000000,31724284.00  
10987,5000000,15116634.00  
1391,5000000,33616692.00  
747,4000000,30039392.00  
26748,5000000,13269963.00  
11357,5000000,17768757.00  
14854,5000000,12232628.00  
50357,5000000,25562924.00  
13090,5000000,16174377.00  
192141,5000000,54418872.00  
29996,5000000,12200000.00  
351819,20000000,21164799.00  
22649,4,25.00        
11042,8000000,3432342.00   
17339,5000000,7230000.00   
335,5000000,5321508.00   
15745,5000000,5476060.00   
17431,5000000,9760104.00   
78394,5000000,4074023.00   
10217,5000000,3263585.00   
46332,4000000,41424067.00  
13996,5000000,4040588.00   
1024,5000000,3049135.00   
343795,5000000,4842699.00   
45658,5000000,2614773.00   
16148,5000000,1980338.00   
4553,5000000,8203235.00   
245916,5000000,2450846.00   
27585,5000000,5129058.00   
1415,5000000,742898.00    
313922,5000000,3220371.00   
199933,5000000,846704.00    
13685,7000000,560069.00    
46838,5000000,5476793.00   
298312,5000000,98450062.00  
11600,5000000,782102.00    
31175,5000000,17872796.00  
12498,1000000,24475416.00  
77949,4798235,209696.00    
1690,4800000,80578934.00  
64720,5000000,3099314.00   
16337,4700000,8025872.00   
11577,4638783,11000000.00  
77987,4800000,10337387.00  
9336,4500000,146198896.00 
5689,4500000,58853106.00  
712,6000000,254700832.00 
13342,4500000,27092880.00  
10339,4500000,10400000.00  
1429,15000000,13060843.00  
9303,4500000,7011317.00   
641,4500000,7390108.00   
252680,5000000,10429707.00  
141,6000000,1270522.00   
39800,4500000,744816.00    
36419,4500000,3606395.00   
510,3000000,108981275.00 
375290,4500000,32000000.00  
116613,3730500,6294161.00   
1088,8000000,41400000.00  
3040,4200000,32000000.00  
11386,3705538,62548947.00  
10246,4000000,125728258.00 
10331,114000,30000000.00  
153,4000000,119723856.00 
703,4000000,38251425.00  
27191,4000000,36000000.00  
1365,4000000,44909486.00  
287424,4000000,187112.00    
451,3600000,49800000.00  
241251,4000000,52425855.00  
40494,4000000,14400000.00  
39781,3500000,34705850.00  
8337,4000000,13008928.00  
5925,4000000,11744471.00  
146203,5000000,15179302.00  
85350,4000000,44349000.00  
512,4000000,31584901.00  
13408,7000000,10229331.00  
47816,6000000,9000000.00   
11536,4000000,8200000.00   
2370,4000000,6000000.00   
9809,4000000,4630045.00   
5,4000000,4300000.00   
11013,4000000,9304609.00   
10132,4000000,3468572.00   
8141,4000000,2426851.00   
48572,4000000,1104682.00   
14517,4000000,866999.00    
157847,4000000,2365467.00   
25719,3000000,302204.00    
48309,1300000,354704.00    
44945,9500000,120000.00    
111190,16000000,318982.00    
54580,4000000,146402.00    
52015,650000,33245.00     
60422,4000000,355688.00    
81390,4000000,25345000.00  
22301,3950000,8000000.00   
874,3900000,28350000.00  
10774,3800000,23689877.00  
770,4000000,400176459.00 
29715,3800000,14873.00     
25209,3768785,8000000.00   
37495,967686,4270000.00   
34769,3500000,44462.00     
35032,3700000,2956000.00   
8618,4000000,13401952.00  
3116,3600000,44785053.00  
9427,3500000,257850122.00 
813,3500000,83453539.00  
10634,3500000,28215918.00  
9516,3500000,27900000.00  
16288,3500000,14000000.00  
23330,3716946,5000000.00   
18900,3500000,13007551.00  
27029,3500000,12800000.00  
26268,3500000,12000000.00  
573,3500000,12600000.00  
310131,3500000,40423945.00  
11363,3500000,9482579.00   
3033,10000000,6451628.00   
25376,2000000,33965843.00  
765,3600000,5923044.00   
46146,3500000,4159678.00   
14256,3500000,113783.00    
12535,3400000,31063038.00  
1667,8000000,127392239.00 
50839,3500000,19504039.00  
13973,3000000,3830137.00   
244786,3300000,13092000.00  
598,3300000,30641770.00  
11129,600000,4000000.00   
103663,3800000,16800000.00  
301748,3300000,45000.00     
108346,2000000,7.00         
805,3200000,33395426.00  
11697,3200000,8000000.00   
55347,3200000,5332926.00   
8469,2700000,141000000.00 
658,2500000,124881062.00 
1585,3180000,9644124.00   
627,4000000,16491080.00  
41436,3000000,177512032.00 
1430,4000000,35564473.00  
10014,3000000,29999213.00  
11257,3000000,20966644.00  
158015,3000000,89328627.00  
82507,3000000,77712439.00  
20337,3000000,19184015.00  
261,3000000,17570324.00  
1685,3000000,18999718.00  
20737,3000000,23144499.00  
10991,16000000,68411275.00  
10225,3000000,19472057.00  
826,3000000,33300000.00  
34086,3000000,15369573.00  
5854,2000000,7900000.00   
284,3000000,25000000.00  
10285,3000000,15938065.00  
5780,3000000,13000000.00  
292,3000000,11718595.00  
22013,3000000,10400000.00  
821,3000000,10000000.00  
3089,3000000,9012000.00   
132344,3000000,11176469.00  
15158,3000000,7282851.00   
44634,3000000,6804016.00   
10557,3800000,28200000.00  
28005,3000000,4109095.00   
252,3000000,4000000.00   
18892,3000000,3076820.00   
549,2962051,3011195.00   
868,3000000,9879971.00   
10683,3000000,2807390.00   
246403,2800000,1826705.00   
670,3000000,14980005.00  
49010,3000000,748453.00    
24469,3000000,2357852.00   
84174,3000000,11947954.00  
38541,3000000,22000.00     
234212,3000000,3387000.00   
26039,2500000,3200000.00   
666,2900000,5596708.00   
248,2900000,5000000.00   
43942,3000000,103735.00    
10476,8000000,23563727.00  
239,2883848,25000000.00  
10281,2800000,19170001.00  
630,2777000,33754967.00  
3034,2800000,86273333.00  
13025,2000000,5364858.00   
17264,2700000,37799643.00  
15875,2686000,6600000.00   
43306,2627000,5363000.00   
11072,2600000,119500000.00 
9730,2600000,32980880.00  
209274,2159280,10700000.00  
291,2600000,3166000.00   
14139,2600000,553198.00    
872,2540800,7200000.00   
139038,2500000,60141683.00  
126509,2500000,33400000.00  
10676,2500000,14400000.00  
1687,2500000,12348905.00  
24748,2500000,10000000.00  
401,2500000,26781723.00  
76,2500000,5535405.00   
84329,2500000,3325038.00   
157386,2500000,6854611.00   
46849,2500000,71904.00     
20764,2500000,107559.00    
45132,2500000,324138.00    
49471,2400000,5731103.00   
7512,30000000,495303.00    
11798,2380000,8176544.00   
43546,2361000,6892000.00   
17820,2300000,11000000.00  
756,2280000,83320000.00  
9728,4000000,36690067.00  
9731,2200000,21930418.00  
43610,2160000,9132000.00   
887,2100000,23650000.00  
364083,2100000,3330.00      
8329,1500000,30448000.00  
657,2000000,78898765.00  
11561,2000000,18344729.00  
270303,2000000,14674076.00  
11624,2000000,18016290.00  
595,2000000,13129846.00  
8810,2000000,24600832.00  
226,2000000,11540607.00  
92182,2000000,13101672.00  
582,2000000,70000000.00  
72213,1000000,34522221.00  
990,2000000,7600000.00   
55604,2000000,9172000.00   
9662,8000000,1477676.00   
80,2700000,15992615.00  
55,2000000,20908467.00  
11023,2000000,4601043.00   
33667,2000000,7800000.00   
39013,2000000,13831503.00  
43839,2000000,4000000.00   
44639,2000000,7871522.00   
301351,6000000,11122090.00  
7873,2000000,5967038.00   
331190,2000000,2801508.00   
15186,2000000,2506446.00   
1378,2000000,5179037.00   
8885,2000000,11125849.00  
48382,2000000,1672730.00   
12901,2000000,1431623.00   
250124,2000000,1477002.00   
12228,2000000,653621.00    
42889,2000000,563706.00    
10656,2000000,390659.00    
24746,2000000,124494.00    
12109,2000000,120620.00    
27023,3800000,111731.00    
273899,13500000,187674.00    
20653,7000000,1100000.00   
28260,2000000,54207.00     
13075,2000000,622806.00    
115210,100000,95000.00     
11302,2000000,11833696.00  
26388,1987650,19152480.00  
38358,1800000,67738090.00  
702,1800000,8000000.00   
935,1800000,9440272.00   
84175,1800000,21107746.00  
1705,1700000,8844595.00   
50875,2000000,841733.00    
4929,1800000,6800000.00   
104,1530000,7267585.00   
10894,500000,150277.00    
1688,1700000,9700000.00   
43947,2000000,572809.00    
24066,1700000,1943649.00   
191714,1000000,4235151.00   
34106,1644736,7433101.00   
11426,1650000,30500000.00  
13909,1600000,5400000.00   
592,1600000,4420000.00   
10758,2000000,22179430.00  
11690,1500000,11806119.00  
3083,1500000,9600000.00   
9344,1500000,7412216.00   
10707,1500000,11098131.00  
15647,1000000,10013424.00  
4174,1500000,7000000.00   
9464,1500000,2375097.00   
49018,1500000,97009150.00  
13820,1500000,2300000.00   
17113,1500000,712294.00    
129139,1500000,3566225.00   
507,1500000,418961.00    
4012,1500000,416925.00    
10972,1500000,373967.00    
3082,1,8500000.00   
1961,1500000,173066.00    
23963,1500000,32000.00     
104755,1500000,1165882.00   
408,1488423,184925486.00 
39209,1455000,2620000.00   
100,1350000,3897569.00   
25784,1300000,639000.00    
223,1288000,6000000.00   
9725,1250000,21722776.00  
28580,1250000,11000000.00  
23730,1250000,3412497.00   
19997,1250000,8500000.00   
43266,1250000,6000000.00   
176,1200000,103911669.00 
39939,3000000,18492362.00  
11219,1200000,7000000.00   
176124,1200000,2861020.00   
500,1200000,14661007.00  
429,1200000,6000000.00   
89750,900000,25000.00     
43884,1200000,2736000.00   
13064,2600000,2850263.00   
7553,3000000,18637690.00  
39895,1100000,1400000.00   
94329,1100000,4105187.00   
289,878000,10462500.00  
1366,1000000,117235147.00 
5769,1000000,37600000.00  
277685,1000000,62882090.00  
103,1300000,28262574.00  
11298,1000000,17985893.00  
646,950000,59600000.00  
9003,1000000,14564027.00  
347126,5000000,23507567.00  
10092,1000000,10047674.00  
10643,1000000,10037390.00  
46705,3500000,16566240.00  
546,1000000,13350369.00  
76487,1000000,101758490.00 
5722,2090000,40000000.00  
39833,1000000,9000000.00   
1781,1000000,46243000.00  
18712,1000000,7800000.00   
171424,5000000,6833445.00   
113947,1000000,9138338.00   
32456,1000000,2057193.00   
13508,1000000,1678874.00   
22597,1000000,1744858.00   
26791,1000000,852206.00    
56666,1000000,623791.00    
46989,1000000,464000.00    
123678,1000000,444575.00    
13362,1000000,274661.00    
18206,1000000,10018.00     
13856,1000000,7202.00      
29146,950000,814666.00    
654,910000,9600000.00   
91070,930000,30905.00     
2009,852510,1185783.00   
2652,950000,7022209.00   
9813,900000,381420.00    
3170,858000,267447150.00 
15708,850000,819939.00    
84200,850000,1243961.00   
47889,800000,1001437.00   
25461,800000,2816116.00   
26899,800000,62852.00     
14451,800000,1984662.00   
838,777000,140000000.00 
84332,750000,4007792.00   
74725,500000,171760.00    
58428,750000,78396.00     
288,730000,8000000.00   
14275,700000,7830611.00   
18734,700000,1667192.00   
7859,700000,4911725.00   
302579,700000,10508.00     
3080,609000,3202000.00   
2667,60000,248000000.00 
9459,600000,34505110.00  
704,560000,12299668.00  
14438,500000,33456317.00  
83,130000,54667954.00  
30315,500000,17000000.00  
2056,500000,8679814.00   
14271,2053648,500000.00    
84401,500000,845188.00    
12281,500000,603943.00    
346,2000000,271841.00    
45649,500000,98017.00     
43933,500000,4242978.00   
15624,450000,973525.00    
3062,439000,2281000.00   
8193,400000,46118097.00  
23827,15000,193355800.00 
762,400000,5028948.00   
1435,218,1162014.00   
9029,35000000,170000000.00 
11240,860000,2451545.00   
3059,385907,8394751.00   
65203,379000,4358000.00   
764,350000,29400000.00  
103620,6000000,31081.00     
14278,300000,1750211.00   
389,350000,1000000.00   
3078,325000,4500000.00   
21525,300000,7808524.00   
55123,312000,1281176.00   
11980,8,16.00        
73981,300000,2074000.00   
118452,300000,40542.00     
13282,300000,8000000.00   
2255,250000,12021272.00  
50035,250000,4186931.00   
431,250000,501818.00    
51942,250,203.00       
60420,250000,3542353.00   
109729,250000,56825.00     
3060,245000,22000000.00  
18533,230000,2260712.00   
139948,225000,111300.00    
70478,100000,27000000.00  
35073,210000,5000000.00   
9659,400000,100000000.00 
10218,200000,4505922.00   
391,200000,14500000.00  
43595,200000,2200000.00   
54897,200000,2295733.00   
21334,180000,900000.00    
79120,8000,469947.00    
55420,100000,1776935.00   
5822,150000,15200000.00  
39141,150000,2891288.00   
5723,160000,20710513.00  
1779,160000,6706368.00   
84355,125000,3200000.00   
339408,8500000,15861566.00  
18925,100000,10178331.00  
299245,100000,42664410.00  
985,10000,7000000.00   
473,60000,3221152.00   
9372,65000,28575078.00  
47607,65000,416498.00    
242095,4000000,600896.00    
42151,31192,10000.00     
2292,27000,3151130.00   
692,12000,6000000.00   
36095,20000,99000.00     
14337,7000,424760.00    
9367,220000,2040920.00